game_id,opening_id,event,site,event_date,round,white,black,game_result,ECO,whiteElo,BlackElo,opening,w1,b1,w2,b2,w3,b3,w4,b4,w5,b5,w6,b6,w7,b7,w8,b8,w9,b9,w10,b10
1,713,FIDE World Rapid 2014,Dubai UAE,2014-06-16,2.1,"Van Wely, Loek","Caruana, Fabiano",1/2-1/2,A41,2654,2791,Rat Defense,d4,d6,Nf3,Nf6,c4,g6,g3,Bg7,Bg2,O-O,O-O,Bf5,Nh4,Be4,f3,Bc6,Nc3,e5,e4,Ne8
2,1019,FIDE World Rapid 2014,Dubai UAE,2014-06-16,2.2,"Guseinov, Gadir","Carlsen, Magnus",1/2-1/2,C08,2613,2881,King's Pawn Opening,e4,e6,d4,d5,Nd2,c5,exd5,exd5,Bb5+,Nc6,Ngf3,cxd4,O-O,Bd6,Re1+,Nge7,Nxd4,O-O,h3,a6
3,513,FIDE World Rapid 2014,Dubai UAE,2014-06-16,2.3,"Mamedyarov, Shakhriyar","Sargissian, Gabriel",1-0,A45,2743,2686,Trompowsky Attack,d4,Nf6,Bg5,e6,e4,h6,Bxf6,Qxf6,Nc3,Bb4,Qd2,d6,a3,Bxc3,Qxc3,Nc6,Nf3,O-O,Bd3,dxe5
4,152,FIDE World Rapid 2014,Dubai UAE,2014-06-16,2.4,"Yu, Yangyi","Svidler, Peter",1-0,B48,2675,2753,Sicilian Defense,e4,c5,Nf3,e6,d4,cxd4,Nxd4,Nc6,Nc3,Qc7,Be3,a6,Qd2,Nf6,O-O-O,Be7,f4,b5,exf6,bxc3
5,818,FIDE World Rapid 2014,Dubai UAE,2014-06-16,2.5,"Milov, Vadim","Karjakin, Sergey",0-1,E46,2622,2771,Indian Game,d4,Nf6,c4,e6,Nc3,Bb4,e3,O-O,Nge2,d5,a3,Be7,cxd5,exd5,b4,c6,Ng3,Be6,O-O,b5
6,526,FIDE World Rapid 2014,Dubai UAE,2014-06-16,2.6,"Safarli, Eltaj","Korobov, Anton",1/2-1/2,C25,2649,2680,Vienna Game,e4,e5,Nc3,Bc5,Nf3,d6,Na4,Bb6,Nxb6,axb6,d4,exd4,Qxd4,Nf6,e5,Nc6,Bb5,dxe5,Bf4,O-O
7,28,FIDE World Rapid 2014,Dubai UAE,2014-06-16,2.7,"Nepomniachtchi, Ian","Lenic, Luka",1-0,C45,2730,2659,Scotch Game,e4,e5,Nf3,Nc6,d4,exd4,Nxd4,Bb4+,c3,Bc5,Be3,Bb6,Nf5,g6,Bxb6,axb6,Ne3,Nf6,c4,Qe5
8,1236,FIDE World Rapid 2014,Dubai UAE,2014-06-16,2.8,"Harikrishna, Pentala","Najer, Evgeniy",1-0,D11,2726,2653,"Queen Pawn Game, General",d4,d5,Nf3,Nf6,c4,c6,Nbd2,g6,e3,Bg7,Be2,O-O,O-O,dxc4,Nxc4,c5,dxc5,Ne4,e4,Nc6
9,819,FIDE World Rapid 2014,Dubai UAE,2014-06-16,2.9,"Nguyen, Ngoc Truong Son","Wang, Hao",1/2-1/2,D02,2621,2729,Indian Game,d4,Nf6,Nf3,d5,Bf4,c6,e3,Bg4,Nbd2,e6,h3,Bxf3,Nxf3,Bd6,Bd3,O-O,O-O,Qc7,c4,Nbd7
10,1563,FIDE World Rapid 2014,Dubai UAE,2014-06-16,2.10,"Maletin, Pavel","Dreev, Aleksey",1/2-1/2,D52,2588,2667,English Opening,c4,c6,Nf3,d5,d4,Nf6,Nc3,e6,Bg5,Nbd7,e3,Qa5,cxd5,Nxd5,Qd2,Bb4,Rc1,h6,Bd3,Ba6
11,94,FIDE World Rapid 2014,Dubai UAE,2014-06-16,2.11,"Vallejo Pons, Francisco","Fedoseev, Vladimir3",1-0,B90,2698,2662,Sicilian Defense,e4,c5,Nf3,d6,d4,cxd4,Nxd4,Nf6,Nc3,a6,Qd3,g6,Bg5,Bg7,O-O-O,Nc6,Nxc6,bxc6,exd6,Nxf2
12,813,FIDE World Rapid 2014,Dubai UAE,2014-06-16,2.12,"Bologan, Viktor","Vitiugov, Nikita",1-0,E11,2661,2742,Indian Game,d4,Nf6,c4,e6,Nf3,Bb4+,Bd2,Qe7,g3,Bxd2+,Qxd2,Nc6,Nc3,d5,cxd5,exd5,Bg2,O-O,Rac1,Bf5
13,86,FIDE World Rapid 2014,Dubai UAE,2014-06-16,2.13,"Mamedov, Rauf","Polgar, Judit",0-1,B22,2659,2685,Sicilian Defense,e4,c5,c3,d5,exd5,Qxd5,d4,Nc6,Nf3,Bg4,Be2,cxd4,cxd4,e6,Nc3,Bb4,O-O,Qa5,Nb5,Nd5
14,326,FIDE World Rapid 2014,Dubai UAE,2014-06-16,2.14,"Fier, Alexandr","Ragger, Markus",1/2-1/2,D17,2580,2632,Slav Defense,d4,d5,c4,c6,Nf3,Nf6,Nc3,dxc4,a4,Bf5,Ne5,Nbd7,Nxc4,Nb6,Ne5,a5,f3,Nfd7,e4,Bg6
15,669,FIDE World Rapid 2014,Dubai UAE,2014-06-16,2.15,"Tomashevsky, Evgeny","Iturrizaga Bonelli, Eduardo",1-0,E15,2695,2653,Queen's Indian Defense,d4,Nf6,c4,e6,Nf3,b6,g3,Bb7,Bg2,c5,d5,exd5,cxd5,Bxd5,Nc3,Bc6,O-O,Be7,Nd5,O-O
16,115,FIDE World Rapid 2014,Dubai UAE,2014-06-16,2.16,"Jobava, Baadur","Ganguly, Surya Shekhar",1-0,B23,2713,2619,Sicilian Defense,e4,c5,Nc3,Nc6,Nge2,e6,Ng3,Nf6,Bb5,Qc7,O-O,Nd4,Re1,Bd6,a4,h5,Be2,a6,Qxe2,Be5
17,94,FIDE World Rapid 2014,Dubai UAE,2014-06-16,2.17,"Durarbayli, Vasif","Naiditsch, Arkadij",0-1,B92,2590,2705,Sicilian Defense,e4,c5,Nf3,d6,d4,cxd4,Nxd4,Nf6,Nc3,a6,Be2,e5,Nb3,Be6,O-O,Be7,Re1,O-O,a4,Qb8
18,819,FIDE World Rapid 2014,Dubai UAE,2014-06-16,3.1,"Jobava, Baadur","Mamedyarov, Shakhriyar",1-0,A45,2713,2743,Indian Game,d4,Nf6,Nc3,d5,Bf4,Bf5,f3,e6,g4,Bg6,h4,h6,e3,c5,h5,Bh7,Nb5,Na6,Bd3,Bxd3
19,247,FIDE World Rapid 2014,Dubai UAE,2014-06-16,3.2,"Karjakin, Sergey","Yu, Yangyi",1-0,B30,2771,2675,Sicilian Defense,e4,c5,Nf3,Nc6,Nc3,d6,d4,cxd4,Nxd4,e6,Be3,Nf6,f4,Bd7,Qf3,Nxd4,Bxd4,Qa5,Bb3,e5
20,94,FIDE World Rapid 2014,Dubai UAE,2014-06-16,3.3,"Naiditsch, Arkadij","Nepomniachtchi, Ian",0-1,B91,2705,2730,Sicilian Defense,e4,c5,Nf3,d6,d4,cxd4,Nxd4,Nf6,Nc3,a6,g3,g6,Bg2,Bg7,O-O,O-O,h3,Bd7,Kh2,Rc8
21,562,FIDE World Rapid 2014,Dubai UAE,2014-06-16,3.4,"Fressinet, Laurent","Harikrishna, Pentala",1/2-1/2,A05,2717,2726,Zukertort Opening,Nf3,Nf6,g3,g6,Bg2,Bg7,c4,c6,O-O,O-O,b3,d6,d4,Bg4,Bb2,Qc8,Nbd2,Bh3,Kxg2,Nbd7
22,1260,FIDE World Rapid 2014,Dubai UAE,2014-06-16,3.5,"Laznicka, Viktor","Vallejo Pons, Francisco",1-0,A85,2679,2698,"Queen Pawn Opening, General",d4,f5,c4,Nf6,Nc3,e6,e3,b6,Bd3,Bb7,f3,c5,Nge2,Nc6,O-O,Bd6,d5,Ne5,Nxe4,Nxe4
23,382,FIDE World Rapid 2014,Dubai UAE,2014-06-16,3.6,"Polgar, Judit","Tomashevsky, Evgeny",1/2-1/2,C88,2685,2695,Spanish Game,e4,e5,Nf3,Nc6,Bb5,a6,Ba4,Nf6,O-O,Be7,Re1,b5,Bb3,O-O,d3,d6,a4,Bd7,Bc2,c5
24,1019,FIDE World Rapid 2014,Dubai UAE,2014-06-16,3.7,"Caruana, Fabiano","Bologan, Viktor",1-0,B06,2791,2661,King's Pawn Opening,e4,g6,d4,Bg7,Nc3,c6,Be3,Qb6,Rb1,Nf6,h3,O-O,Nf3,d5,e5,Ne4,Nxe4,dxe4,c3,cxd4
25,152,FIDE World Rapid 2014,Dubai UAE,2014-06-16,3.8,"Carlsen, Magnus","Potkin, Vladimir",1-0,B48,2881,2621,Sicilian Defense,e4,c5,Nf3,e6,d4,cxd4,Nxd4,Nc6,Nc3,Qc7,Be3,a6,a3,Nf6,f4,Nxd4,Qxd4,Ng4,e5,Nxe3
26,764,FIDE World Rapid 2014,Dubai UAE,2014-06-16,3.9,"Korobov, Anton","Inarkiev, Ernesto",0-1,D87,2680,2682,Gruenfeld Defense,d4,Nf6,c4,g6,Nc3,d5,cxd5,Nxd5,e4,Nxc3,bxc3,Bg7,Bc4,O-O,Ne2,c5,O-O,Nc6,Rb1,Qc7
27,554,FIDE World Rapid 2014,Dubai UAE,2014-06-16,3.10,"Vachier-Lagrave, Maxime","Meier, Georg",1-0,A09,2762,2632,Zukertort Opening,Nf3,d5,c4,d4,g3,Nc6,Bg2,e5,d3,Nf6,O-O,Bd6,a3,a5,Bg5,O-O,Nbd2,Be7,Bxe7,Qxe7
28,818,FIDE World Rapid 2014,Dubai UAE,2014-06-16,3.11,"Le, Quang Liem","Van Wely, Loek",1/2-1/2,E20,2712,2654,Indian Game,d4,Nf6,c4,e6,Nc3,Bb4,f3,O-O,e4,d5,e5,Nfd7,cxd5,exd5,f4,c5,Be3,cxd4,Nf3,Nxd4
29,819,FIDE World Rapid 2014,Dubai UAE,2014-06-16,3.12,"Eljanov, Pavel","Guseinov, Gadir",1/2-1/2,E91,2723,2613,Indian Game,d4,Nf6,c4,g6,Nc3,Bg7,e4,d6,Nf3,O-O,Be2,c5,O-O,cxd4,Nxd4,Nc6,Be3,Bd7,Bxd4,Bc6
30,149,FIDE World Rapid 2014,Dubai UAE,2014-06-16,3.13,"Wang, Hao","Safarli, Eltaj",1/2-1/2,B40,2729,2649,Sicilian Defense,e4,c5,Nf3,e6,d4,cxd4,Nxd4,Nf6,Nc3,Nc6,Ndb5,Bb4,a3,Bxc3+,Nxc3,d5,exd5,Nxd5,Bxc3,Qxd1+
31,1019,FIDE World Rapid 2014,Dubai UAE,2014-06-16,3.14,"Amin, Bassem","Wojtaszek, Radoslaw",1/2-1/2,B50,2635,2715,King's Pawn Opening,e4,c5,Nf3,d6,g3,Nf6,c3,Nc6,d3,Bg4,h3,Bh5,Bg2,e6,O-O,Be7,Re1,O-O,e5,Nd7
32,346,FIDE World Rapid 2014,Dubai UAE,2014-06-16,3.15,"Dreev, Aleksey","Nguyen, Ngoc Truong Son",1/2-1/2,D11,2667,2621,Slav Defense,d4,d5,c4,c6,Nf3,Nf6,e3,e6,b3,Nbd7,Bd3,Ne4,O-O,Bd6,Ba3,Bxa3,Nxa3,Qe7,Nc2,a5
33,764,FIDE World Rapid 2014,Dubai UAE,2014-06-16,3.16,"Ragger, Markus","Maletin, Pavel",1-0,D85,2632,2588,Gruenfeld Defense,d4,Nf6,c4,g6,Nc3,d5,cxd5,Nxd5,Bd2,Bg7,e4,Nxc3,Bxc3,O-O,Qd2,c5,d5,e6,Bxd5,Nd7
34,229,FIDE World Rapid 2014,Dubai UAE,2014-06-16,3.17,"Anton Guijarro, David","Moiseenko, Alexander",0-1,B30,2631,2707,Sicilian Defense,e4,c5,Nf3,Nc6,Bb5,e6,O-O,Nge7,c3,a6,Ba4,b5,Bc2,Bb7,Re1,Rc8,a4,Ng6,Nc4,Be7
35,1019,FIDE World Rapid 2014,Dubai UAE,2014-06-16,4.1,"Karjakin, Sergey","Jobava, Baadur",1/2-1/2,C41,2771,2713,King's Pawn Opening,e4,d6,d4,Nf6,Nc3,e5,Nf3,Nbd7,Bc4,Be7,O-O,c6,a4,a5,Re1,O-O,h3,h6,d5,Rd8
36,1563,FIDE World Rapid 2014,Dubai UAE,2014-06-16,4.2,"Nepomniachtchi, Ian","Laznicka, Viktor",1-0,A11,2730,2679,English Opening,c4,c6,Nf3,d5,e3,Nf6,Nc3,a6,b3,Bf5,Bb2,e6,Be2,h6,O-O,Nbd7,Re1,Be7,d3,Bh7
37,713,FIDE World Rapid 2014,Dubai UAE,2014-06-16,4.3,"Moiseenko, Alexander","Caruana, Fabiano",0-1,B07,2707,2791,Rat Defense,d4,d6,e4,Nf6,Nc3,e5,Nge2,Be7,g3,O-O,Bg2,c6,O-O,b5,a3,Nbd7,h3,a5,Ng3,exd4
38,689,FIDE World Rapid 2014,Dubai UAE,2014-06-16,4.4,"Tomashevsky, Evgeny","Carlsen, Magnus",1/2-1/2,E12,2695,2881,Queen's Indian Defense,d4,Nf6,c4,e6,Nf3,b6,a3,Bb7,Nc3,d5,cxd5,Nxd5,e3,g6,Bb5+,c6,Bd3,Nxc3,h4,c5
39,764,FIDE World Rapid 2014,Dubai UAE,2014-06-16,4.5,"Bacrot, Etienne","Vachier-Lagrave, Maxime",0-1,D86,2720,2762,Gruenfeld Defense,d4,Nf6,c4,g6,Nc3,d5,cxd5,Nxd5,e4,Nxc3,bxc3,Bg7,Bc4,c5,Ne2,Nc6,Be3,O-O,dxc5,Qc7
40,508,FIDE World Rapid 2014,Dubai UAE,2014-06-16,4.6,"Harikrishna, Pentala","Polgar, Judit",0-1,A46,2726,2685,Torre Attack,d4,Nf6,Nf3,e6,Bg5,d5,e3,c5,c3,Nbd7,Nbd2,Be7,Bd3,b6,Ne5,Nxe5,dxe5,Nd7,f4,Bb7
41,382,FIDE World Rapid 2014,Dubai UAE,2014-06-16,4.7,"Inarkiev, Ernesto","Ragger, Markus",1/2-1/2,C84,2682,2632,Spanish Game,e4,e5,Nf3,Nc6,Bb5,a6,Ba4,Nf6,O-O,Be7,d3,b5,Bb3,O-O,Nc3,d6,a4,Bg4,Bxd4,exd4
42,1236,FIDE World Rapid 2014,Dubai UAE,2014-06-16,4.8,"Nakamura, Hikaru","Fressinet, Laurent",1/2-1/2,D00,2775,2717,"Queen Pawn Game, General",d4,d5,Nc3,Nf6,Bf4,c5,e3,a6,dxc5,Nc6,a3,e5,Bg5,d4,exd4,exd4,Ne4,Qd5,Bxf6,Rg8
43,1565,FIDE World Rapid 2014,Dubai UAE,2014-06-16,4.9,"Grischuk, Alexander","Safarli, Eltaj",1/2-1/2,A22,2792,2649,"English Opening, General",c4,e5,Nc3,Nf6,e3,Nc6,a3,d5,cxd5,Nxd5,Qc2,Be7,Nf3,O-O,Be2,Be6,O-O,f5,Nxd5,Bxd5
44,818,FIDE World Rapid 2014,Dubai UAE,2014-06-16,4.10,"Mamedyarov, Shakhriyar","Lenic, Luka",1/2-1/2,E34,2743,2659,Indian Game,d4,Nf6,c4,e6,Nc3,Bb4,Qc2,d5,Nf3,dxc4,Bg5,h6,Bh4,b5,a4,c6,Bxf6,gxf6,Bg2,Nd7
45,819,FIDE World Rapid 2014,Dubai UAE,2014-06-16,4.11,"Nguyen, Ngoc Truong Son","Svidler, Peter",1/2-1/2,A48,2621,2753,Indian Game,d4,Nf6,Nf3,g6,Bf4,Bg7,e3,O-O,Be2,c5,c3,d6,h3,Qb6,Qc1,Nc6,O-O,Bf5,Nb3,Ne4
46,152,FIDE World Rapid 2014,Dubai UAE,2014-06-16,4.12,"Anand, Viswanathan","Fedoseev, Vladimir3",1-0,B42,2785,2662,Sicilian Defense,e4,c5,Nf3,e6,d4,cxd4,Nxd4,a6,Bd3,Bc5,Nb3,Be7,Be3,Nc6,a4,Nf6,a5,d5,Nc3,dxe4
47,19,FIDE World Rapid 2014,Dubai UAE,2014-06-16,4.13,"Yu, Yangyi","Le, Quang Liem",0-1,C45,2675,2712,Scotch Game,e4,e5,Nf3,Nc6,d4,exd4,Nxd4,Bc5,Nxc6,bxc6,Bd3,Ne7,O-O,O-O,Nd2,a5,Qh5,d6,Qh4,Bf5
48,1019,FIDE World Rapid 2014,Dubai UAE,2014-06-16,4.14,"Bologan, Viktor","Eljanov, Pavel",1-0,B12,2661,2723,King's Pawn Opening,e4,c6,d4,d5,e5,Bf5,Nf3,e6,Be2,Ne7,O-O,h6,Nbd2,Nd7,Nb3,Qc7,a4,a6,Be3,Rd8
49,554,FIDE World Rapid 2014,Dubai UAE,2014-06-16,4.15,"Iturrizaga Bonelli, Eduardo","Wang, Hao",1-0,A09,2653,2729,Zukertort Opening,Nf3,d5,c4,d4,b4,f6,d3,e5,a3,Ne7,g3,a5,Bb2,Ng6,b5,Nd7,Bg2,a4,Nbd2,Be7
50,341,FIDE World Rapid 2014,Dubai UAE,2014-06-16,4.16,"Wojtaszek, Radoslaw","Matlakov, Maxim",1/2-1/2,D12,2715,2689,Slav Defense,d4,d5,c4,c6,Nf3,Nf6,e3,Bf5,Nc3,e6,Nh4,Bg6,Nxg6,hxg6,Bd2,Nbd7,Qc2,Bd6,Kb1,dxc4
51,340,FIDE World Rapid 2014,Dubai UAE,2014-06-16,4.17,"Sokolov, Ivan","Dreev, Aleksey",1/2-1/2,D13,2650,2667,Slav Defense,d4,d5,c4,c6,Nf3,Nf6,cxd5,cxd5,Nc3,Nc6,Bf4,e6,e3,Bd6,Bg5,Qb6,Qb3,Qxb3,Bxf6,gxf6
52,547,FIDE World Rapid 2014,Dubai UAE,2014-06-16,5.1,"Vachier-Lagrave, Maxime","Nepomniachtchi, Ian",1/2-1/2,A49,2762,2730,Zukertort Opening,Nf3,g6,d4,Nf6,g3,Bg7,Bg2,O-O,O-O,d5,Bf4,c6,Nbd2,Qb6,Qc1,Bf5,c4,Nbd7,Bf1,b5
53,1019,FIDE World Rapid 2014,Dubai UAE,2014-06-16,5.2,"Caruana, Fabiano","Jobava, Baadur",1-0,C10,2791,2713,King's Pawn Opening,e4,e6,d4,d5,Nc3,Nc6,Nf3,Nf6,Bd3,Bb4,Bg5,dxe4,Bxe4,Ne7,Bd3,Ned5,O-O,Nxc3,Rb1,h6
54,94,FIDE World Rapid 2014,Dubai UAE,2014-06-16,5.3,"Polgar, Judit","Karjakin, Sergey",0-1,B90,2685,2771,Sicilian Defense,e4,c5,Nf3,d6,d4,cxd4,Nxd4,Nf6,Nc3,a6,Be3,e5,Nf3,Be7,Bc4,O-O,O-O,Qc7,Nd5,Nxd5
55,812,FIDE World Rapid 2014,Dubai UAE,2014-06-16,5.4,"Carlsen, Magnus","Inarkiev, Ernesto",1-0,E60,2881,2682,Indian Game,d4,Nf6,c4,g6,f3,c5,d5,d6,e4,Bg7,Nc3,O-O,Bg5,h6,Be3,e6,Qd2,exd5,Nge2,Nbd7
56,584,FIDE World Rapid 2014,Dubai UAE,2014-06-16,5.5,"Laznicka, Viktor","Anand, Viswanathan",1/2-1/2,D57,2679,2785,Queen's Gambit Declined,d4,d5,c4,e6,Nc3,Be7,Nf3,Nf6,Bg5,h6,Bh4,O-O,e3,Ne4,Bxe7,Qxe7,cxd5,Nxc3,Qb3,Rd8
57,1236,FIDE World Rapid 2014,Dubai UAE,2014-06-16,5.6,"Le, Quang Liem","Bologan, Viktor",1-0,D38,2712,2661,"Queen Pawn Game, General",d4,d5,Nf3,e6,c4,Nf6,Nc3,Bb4,Qa4+,Nc6,Bd2,O-O,e3,Bd7,Qc2,Ne7,Rd1,Ng6,Bxc4,c5
58,813,FIDE World Rapid 2014,Dubai UAE,2014-06-16,5.7,"Ragger, Markus","Van Wely, Loek",1/2-1/2,E04,2632,2654,Indian Game,d4,Nf6,c4,e6,Nf3,d5,g3,dxc4,Bg2,a6,O-O,Nc6,Bg5,Rb8,Nbd2,Nxd4,Nxc4,Nxf3+,Qd4,O-O
59,160,FIDE World Rapid 2014,Dubai UAE,2014-06-16,5.8,"Movsesian, Sergei","Iturrizaga Bonelli, Eduardo",1-0,B34,2672,2653,Sicilian Defense,e4,c5,Nf3,g6,d4,cxd4,Nxd4,Nc6,Nc3,Bg7,Nde2,b6,g3,Ba6,Bg2,Rc8,O-O,Nf6,Nf4,d6
60,329,FIDE World Rapid 2014,Dubai UAE,2014-06-16,5.9,"Riazantsev, Alexander","Tomashevsky, Evgeny",1/2-1/2,D45,2692,2695,Slav Defense,d4,d5,c4,c6,Nf3,Nf6,Nc3,a6,e3,e6,b3,Bb4,Bd2,O-O,Bd3,Nbd7,O-O,Bd6,Rae1,e5
61,562,FIDE World Rapid 2014,Dubai UAE,2014-06-16,5.10,"Fressinet, Laurent","Dubov, Daniil",1-0,A05,2717,2614,Zukertort Opening,Nf3,Nf6,g3,g6,Bg2,Bg7,c4,c6,O-O,O-O,b3,d5,Bb2,e6,d3,b6,Nbd2,Bb7,exd5,exd5
62,1019,FIDE World Rapid 2014,Dubai UAE,2014-06-16,5.11,"Grischuk, Alexander","Hansen, Eric",1-0,C02,2792,2584,King's Pawn Opening,e4,e6,d4,d5,e5,c5,c3,Nc6,Nf3,Nge7,Na3,cxd4,cxd4,Nf5,Nc2,Qb6,Bd3,Bd7,g4,Nh6
63,565,FIDE World Rapid 2014,Dubai UAE,2014-06-16,5.12,"Potkin, Vladimir","Nakamura, Hikaru",1/2-1/2,D20,2621,2775,Queen's Gambit Accepted,d4,d5,c4,dxc4,e4,b5,a4,c6,Nf3,Bg4,Be2,Bxf3,Bxf3,e5,d5,Nf6,O-O,a6,Qxb3,b4
64,1019,FIDE World Rapid 2014,Dubai UAE,2014-06-16,5.13,"Efimenko, Zahar","Mamedyarov, Shakhriyar",1-0,B12,2648,2743,King's Pawn Opening,e4,c6,d4,d5,e5,Bf5,h4,c5,g4,Bd7,c3,Nc6,Na3,cxd4,cxd4,Qb6,Nc2,Rc8,Bf3,Na5
65,554,FIDE World Rapid 2014,Dubai UAE,2014-06-16,5.14,"Svidler, Peter","Meier, Georg",1-0,A07,2753,2632,Zukertort Opening,Nf3,d5,g3,c6,Bg2,Bg4,c4,e6,cxd5,Bxf3,Bxf3,cxd5,Nc3,Nc6,O-O,Nf6,d4,Be7,Bd2,Nd7
66,1019,FIDE World Rapid 2014,Dubai UAE,2014-06-16,5.15,"Guseinov, Gadir","Aronian, Levon",0-1,B06,2613,2815,King's Pawn Opening,e4,g6,d4,Bg7,Nc3,c6,Nf3,d6,a4,Nf6,Be2,O-O,O-O,Qc7,Be3,Ng4,Bg5,Re8,Qd2,Nbd7
67,1019,FIDE World Rapid 2014,Dubai UAE,2014-06-16,5.16,"Malakhov, Vladimir","Nguyen, Ngoc Truong Son",1/2-1/2,C07,2694,2621,King's Pawn Opening,e4,e6,d4,d5,Nd2,c5,Ngf3,cxd4,Nxd4,Nc6,Bb5,Bd7,Nxc6,Bxc6,Bxc6+,bxc6,c4,Bc5,exd5,exd5
68,229,FIDE World Rapid 2014,Dubai UAE,2014-06-16,5.17,"Safarli, Eltaj","Radjabov, Teimour",0-1,B30,2649,2724,Sicilian Defense,e4,c5,Nf3,Nc6,Bb5,e6,O-O,Nge7,Nc3,a6,Bxc6,bxc6,d3,Ng6,Ng5,f6,Nh3,Be7,Qh5,d5
69,1019,FIDE World Rapid 2014,Dubai UAE,2014-06-17,6.1,"Nepomniachtchi, Ian","Caruana, Fabiano",0-1,C00,2730,2791,King's Pawn Opening,e4,e6,d3,d5,Nd2,Nf6,g3,dxe4,dxe4,e5,Ngf3,Bc5,Bg2,Qe7,O-O,O-O,b3,Nc6,a4,Rd8
70,94,FIDE World Rapid 2014,Dubai UAE,2014-06-17,6.2,"Karjakin, Sergey","Carlsen, Magnus",1/2-1/2,B77,2771,2881,Sicilian Defense,e4,c5,Nf3,d6,d4,cxd4,Nxd4,Nf6,Nc3,g6,Be3,Bg7,f3,Nc6,Qd2,O-O,Bc4,Bd7,O-O-O,Ne5
71,94,FIDE World Rapid 2014,Dubai UAE,2014-06-17,6.3,"Movsesian, Sergei","Vachier-Lagrave, Maxime",1-0,B90,2672,2762,Sicilian Defense,e4,c5,Nf3,d6,d4,cxd4,Nxd4,Nf6,Nc3,a6,a3,e6,f4,Be7,Bd3,b5,O-O,Bb7,Qf3,Qc7
72,554,FIDE World Rapid 2014,Dubai UAE,2014-06-17,6.4,"Fressinet, Laurent","Le, Quang Liem",1/2-1/2,A07,2717,2712,Zukertort Opening,Nf3,d5,g3,g6,Bg2,Bg7,O-O,e5,d3,Ne7,c4,d4,b4,O-O,a4,a5,b5,c5,Ra3,b6
73,813,FIDE World Rapid 2014,Dubai UAE,2014-06-17,6.5,"Bacrot, Etienne","Grischuk, Alexander",0-1,D38,2720,2792,Indian Game,d4,Nf6,c4,e6,Nf3,d5,Nc3,Bb4,Bg5,Nbd7,cxd5,exd5,Qc2,h6,Bh4,g5,Bg3,Ne4,hxg3,c6
74,713,FIDE World Rapid 2014,Dubai UAE,2014-06-17,6.6,"Van Wely, Loek","Svidler, Peter",1-0,A41,2654,2753,Rat Defense,d4,d6,Nf3,g6,g3,Bg7,Bg2,Nf6,O-O,O-O,c4,Nc6,Nc3,Rb8,Re1,a6,Rb1,Re8,e4,e5
75,382,FIDE World Rapid 2014,Dubai UAE,2014-06-17,6.7,"Anand, Viswanathan","Efimenko, Zahar",1-0,C84,2785,2648,Spanish Game,e4,e5,Nf3,Nc6,Bb5,a6,Ba4,Nf6,O-O,Be7,d3,b5,Bb3,d6,a3,O-O,Nc3,Na5,Bxe6,fxe6
76,346,FIDE World Rapid 2014,Dubai UAE,2014-06-17,6.8,"Radjabov, Teimour","Laznicka, Viktor",1-0,D10,2724,2679,Slav Defense,d4,d5,c4,c6,Nc3,Nf6,e3,a6,Nf3,b5,b3,Bg4,Be2,Nbd7,h3,Bh5,O-O,e6,c5,Be7
77,310,FIDE World Rapid 2014,Dubai UAE,2014-06-17,6.9,"Morozevich, Alexander","Polgar, Judit",1-0,B20,2731,2685,Sicilian Defense,e4,c5,b3,b6,Bb2,Bb7,Nc3,e6,f4,Nf6,e5,Nd5,Qf3,Bc6,Qg3,Nb4,O-O-O,d5,Nf3,Nd7
78,859,FIDE World Rapid 2014,Dubai UAE,2014-06-17,6.10,"Jobava, Baadur","Ragger, Markus",1/2-1/2,C50,2713,2632,Italian Game,e4,e5,Nf3,Nc6,Bc4,Nf6,d3,Bc5,c3,O-O,b4,Be7,Nbd2,d5,Bb3,h6,O-O,Be6,Rd1,Re8
79,818,FIDE World Rapid 2014,Dubai UAE,2014-06-17,6.11,"Tomashevsky, Evgeny","Georgiev, Kiril",1-0,E52,2695,2644,Indian Game,d4,Nf6,c4,e6,Nc3,Bb4,e3,O-O,Bd3,d5,Nf3,b6,O-O,Bb7,cxd5,exd5,a3,Bd6,Qb3,c6
80,1523,FIDE World Rapid 2014,Dubai UAE,2014-06-17,6.12,"Aronian, Levon","Riazantsev, Alexander",1-0,A13,2815,2692,"English Opening, Agincourt Defense",c4,e6,g3,d5,Bg2,Nf6,Nf3,dxc4,Qa4+,Bd7,Qxc4,c5,Ne5,Qc8,Nxd7,Qxd7,Nc3,Nc6,Qa4,Be7
81,713,FIDE World Rapid 2014,Dubai UAE,2014-06-17,6.13,"Nakamura, Hikaru","Onischuk, Vladimir",1-0,B07,2775,2594,Rat Defense,d4,d6,e4,Nf6,Nc3,g6,h3,Bg7,g4,O-O,Bg2,e5,Nge2,Nc6,Be3,h5,d5,Ne7,Bh6,g3
82,361,FIDE World Rapid 2014,Dubai UAE,2014-06-17,6.14,"Guseinov, Gadir","Malakhov, Vladimir",1/2-1/2,C67,2613,2694,Spanish Game,e4,e5,Nf3,Nc6,Bb5,Nf6,O-O,Nxe4,Re1,Nd6,Nxe5,Be7,Bf1,Nf5,Nf3,O-O,d4,d5,Bf4,h6
83,819,FIDE World Rapid 2014,Dubai UAE,2014-06-17,6.15,"Cheparinov, Ivan","Iturrizaga Bonelli, Eduardo",1/2-1/2,A59,2682,2653,Indian Game,d4,Nf6,c4,c5,d5,b5,cxb5,a6,bxa6,g6,Nc3,Bxa6,Nf3,Bg7,e4,Bxf1,Kxf1,d6,Kg2,Nbd7
84,152,FIDE World Rapid 2014,Dubai UAE,2014-06-17,6.16,"Harikrishna, Pentala","Matlakov, Maxim",1-0,B40,2726,2689,Sicilian Defense,e4,c5,Nf3,e6,b3,a6,Bb2,Nc6,Be2,Nf6,Nc3,d5,exd5,exd5,d4,Bg4,Ne5,Bf5,O-O,cxd4
85,1019,FIDE World Rapid 2014,Dubai UAE,2014-06-17,6.17,"Bologan, Viktor","Wang, Hao",1-0,C11,2661,2729,King's Pawn Opening,e4,e6,d4,d5,Nc3,Nf6,e5,Nfd7,f4,c5,Nf3,Nc6,Be3,Be7,Qd2,b6,Bd3,Bb7,Kh1,Rc8
86,346,FIDE World Rapid 2014,Dubai UAE,2014-06-17,6.18,"Dubov, Daniil","Dreev, Aleksey",0-1,D11,2614,2667,Slav Defense,d4,d5,c4,c6,Nf3,Nf6,e3,Bg4,h3,Bh5,Nc3,e6,g4,Bg6,Ne5,Nbd7,Nxg6,hxg6,cxd5,exd5
87,424,FIDE World Rapid 2014,Dubai UAE,2014-06-17,6.19,"Vallejo Pons, Francisco","Sokolov, Ivan",1/2-1/2,C63,2698,2650,Spanish Game,e4,e5,Nf3,Nc6,Bb5,f5,Nc3,fxe4,Nxe4,Nf6,Qe2,d5,Nxf6+,gxf6,Nd4,Qd6,Qh5+,Kd8,Be2,e4
88,819,FIDE World Rapid 2014,Dubai UAE,2014-06-17,6.20,"Nguyen, Ngoc Truong Son","Vitiugov, Nikita",1-0,A46,2621,2742,Indian Game,d4,Nf6,Nf3,e6,Bf4,c5,e3,d5,c3,Nc6,Nbd2,Bd6,Bg3,O-O,Bd3,Re8,Ne5,Bxe5,Nf3,b6
89,758,FIDE World Rapid 2014,Dubai UAE,2014-06-17,6.21,"Moiseenko, Alexander","Volokitin, Andrei",0-1,D94,2707,2638,Gruenfeld Defense,d4,Nf6,c4,g6,Nc3,d5,Nf3,Bg7,e3,O-O,b4,b6,Ba3,Bb7,Rc1,Nbd7,c5,c6,O-O,e5
90,152,FIDE World Rapid 2014,Dubai UAE,2014-06-17,6.22,"Kryvoruchko, Yuriy","Hansen, Eric",1-0,B43,2707,2584,Sicilian Defense,e4,c5,Nf3,e6,Nc3,a6,d4,cxd4,Nxd4,Qc7,Be2,Nf6,O-O,Bb4,Qd3,Nc6,Kh1,Nxd4,Qd3,b5
91,838,FIDE World Rapid 2014,Dubai UAE,2014-06-17,6.23,"Yudin, Sergei","Kasimdzhanov, Rustam",1-0,C53,2546,2700,Italian Game,e4,e5,Nf3,Nc6,Bc4,Bc5,c3,Nf6,b4,Bb6,d3,d6,O-O,h6,a4,a6,Nbd2,O-O,Bb2,Be6
92,819,FIDE World Rapid 2014,Dubai UAE,2014-06-17,6.24,"Debashis, Das","Naiditsch, Arkadij",0-1,E92,2484,2705,Indian Game,d4,Nf6,c4,g6,Nc3,Bg7,e4,d6,Nf3,O-O,Be2,e5,Be3,Ng4,Bg5,f6,Bh4,g5,h3,Nc6
93,1019,FIDE World Rapid 2014,Dubai UAE,2014-06-17,6.25,"Durarbayli, Vasif","Potkin, Vladimir",0-1,C07,2590,2621,King's Pawn Opening,e4,e6,d4,d5,Nd2,c5,Ngf3,cxd4,exd5,Qxd5,Bc4,Qd6,O-O,Nf6,Nb3,Nc6,Nbxd4,Nxd4,c3,O-O
94,94,FIDE World Rapid 2014,Dubai UAE,2014-06-17,6.26,"Inarkiev, Ernesto","Al-Sayed, Mohammed",1-0,B90,2682,2505,Sicilian Defense,e4,c5,Nf3,d6,d4,cxd4,Nxd4,Nf6,Nc3,a6,h3,e6,g4,Nfd7,g5,b5,a3,Bb7,f3,d5
95,328,FIDE World Rapid 2014,Dubai UAE,2014-06-17,6.27,"Mamedyarov, Shakhriyar","Najer, Evgeniy",0-1,D11,2743,2653,Slav Defense,d4,d5,c4,c6,Nf3,Nf6,Nbd2,g6,b3,Bg7,Bb2,Ne4,e3,Bg4,Be2,Nxd2,Nxd2,Bxe2,cxd5,cxd5
96,818,FIDE World Rapid 2014,Dubai UAE,2014-06-17,6.28,"Ipatov, Alexander","Eljanov, Pavel",1-0,E46,2613,2723,Indian Game,d4,Nf6,c4,e6,Nc3,Bb4,e3,O-O,Nge2,Re8,a3,Bf8,d5,a5,Ng3,Na6,Bd3,Nc5,cxd5,b5
97,819,FIDE World Rapid 2014,Dubai UAE,2014-06-17,6.29,"Wojtaszek, Radoslaw","Lenic, Luka",1-0,A53,2715,2659,Indian Game,d4,Nf6,c4,d6,Nf3,Bg4,Nc3,g6,e4,Bg7,Be2,O-O,O-O,c5,d5,Na6,Be3,Bxf3,Qd2,Nc7
98,1019,FIDE World Rapid 2014,Dubai UAE,2014-06-17,6.30,"Zhigalko, Sergei","Salgado Lopez, Ivan",1-0,C02,2678,2622,King's Pawn Opening,e4,e6,d4,d5,e5,c5,c3,Nc6,Nf3,Qb6,a3,c4,Nbd2,Na5,Be2,Bd7,O-O,Ne7,Re1,Qc7
99,545,FIDE World Rapid 2014,Dubai UAE,2014-06-17,6.31,"Meier, Georg","Bartel, Mateusz",1/2-1/2,A04,2632,2641,Zukertort Opening,Nf3,f5,g3,g6,Bg2,Bg7,O-O,e5,c4,d6,Nc3,Nf6,b4,O-O,Bb2,e4,Nd4,Nc6,d3,Rb8
100,1019,FIDE World Rapid 2014,Dubai UAE,2014-06-17,6.32,"Yu, Yangyi","Anton Guijarro, David",1/2-1/2,B06,2675,2631,King's Pawn Opening,e4,g6,d4,Bg7,Nc3,c6,Nf3,d6,Be2,Nf6,O-O,O-O,h3,Qc7,a4,e5,Re1,Nbd7,Bxd4,Ne5
101,819,FIDE World Rapid 2014,Dubai UAE,2014-06-17,6.33,"Adly, Ahmed","Sargissian, Gabriel",1/2-1/2,A46,2594,2686,Indian Game,d4,Nf6,Nf3,e6,e3,b6,b3,Bb7,Bb2,c5,Bd3,d5,O-O,Nc6,Nbd2,Be7,Ne5,Nxe5,f4,g6
102,818,FIDE World Rapid 2014,Dubai UAE,2014-06-17,6.34,"Michalik, Peter","Safarli, Eltaj",0-1,D38,2557,2649,Indian Game,d4,Nf6,c4,e6,Nc3,Bb4,Nf3,d5,cxd5,exd5,Bg5,Nbd7,e3,c5,Bb5,Qa5,O-O,Bxc3,bxc3,c4
103,526,FIDE World Rapid 2014,Dubai UAE,2014-06-17,6.35,"Mamedov, Rauf","Aleksandrov, Aleksej",1/2-1/2,C25,2659,2554,Vienna Game,e4,e5,Nc3,Bc5,Na4,Bxf2+,Kxf2,Qh4+,Ke3,Qf4+,Kd3,d5,Kc3,Qxe4,Kb3,Na6,a3,Qxa4+,Kb4,a5+
104,1260,FIDE World Rapid 2014,Dubai UAE,2014-06-17,6.36,"Milov, Vadim","Lu, Shanglei",0-1,A87,2622,2546,"Queen Pawn Opening, General",d4,f5,g3,Nf6,Bg2,g6,Nf3,Bg7,c4,d6,O-O,O-O,b4,e5,dxe5,dxe5,Bb2,e4,Na3,a5
105,819,FIDE World Rapid 2014,Dubai UAE,2014-06-17,6.37,"Maletin, Pavel","Kovalev, Vladislav",1-0,D76,2588,2554,Indian Game,d4,Nf6,c4,g6,g3,Bg7,Bg2,O-O,Nf3,d5,cxd5,Nxd5,O-O,Nb6,Nc3,Nc6,e3,Re8,f4,a4
106,1019,FIDE World Rapid 2014,Dubai UAE,2014-06-17,6.38,"Al-Modiahki, Mohamad","Fedoseev, Vladimir3",1-0,C18,2549,2662,King's Pawn Opening,e4,e6,d4,d5,Nc3,Bb4,e5,c5,a3,Bxc3+,bxc3,Qa5,Bd2,Qa4,Qg4,Kf8,Qd1,Nc6,c4,dxc4
107,152,FIDE World Rapid 2014,Dubai UAE,2014-06-17,6.39,"Shyam, Sundar M","Ganguly, Surya Shekhar",0-1,B48,2468,2619,Sicilian Defense,e4,c5,Nf3,e6,d4,cxd4,Nxd4,Nc6,Nc3,Qc7,Be3,a6,Qf3,b5,Qg3,Qxg3,hxg3,Bb7,f3,Bb4
108,562,FIDE World Rapid 2014,Dubai UAE,2014-06-17,6.40,"Sriram, Jha","Sandipan, Chanda",0-1,A05,2375,2594,Zukertort Opening,Nf3,Nf6,g3,g6,b3,Bg7,Bb2,O-O,Bg2,d5,c4,c6,O-O,Bg4,d3,Bxf3,Bxf3,Re8,Qc2,Na6
109,30,FIDE World Rapid 2014,Dubai UAE,2014-06-17,6.41,"Al Qudaimi, Basheer","Amin, Bassem",0-1,C45,2396,2635,Scotch Game,e4,e5,Nf3,Nc6,d4,exd4,Nxd4,Nf6,Nxc6,bxc6,e5,Qe7,Qe2,Nd5,c4,Ba6,b3,g5,g3,O-O-O
110,1236,FIDE World Rapid 2014,Dubai UAE,2014-06-17,6.42,"Fier, Alexandr","Saeed, Ishaq",1-0,D00,2580,2227,"Queen Pawn Game, General",d4,d5,Bg5,h6,Bh4,Nf6,Bxf6,exf6,e3,Bd6,g3,O-O,Bg2,c6,Ne2,Bg4,Nd2,Re8,c4,dxc4
111,326,FIDE World Rapid 2014,Dubai UAE,2014-06-17,6.43,"Salem, A.R. Saleh","Ringoir, Tanguy",1/2-1/2,D15,2581,2506,Slav Defense,d4,d5,c4,c6,Nf3,Nf6,Nc3,dxc4,e4,b5,e5,Nd5,a4,e6,Be2,h6,O-O,Bb7,Bd2,Nd7
112,554,FIDE World Rapid 2014,Dubai UAE,2014-06-17,6.44,"Vakhidov, Jahongir","Goloshchapov, Alexander",1-0,D05,2471,2586,Zukertort Opening,Nf3,d5,d4,Nf6,e3,e6,Bd3,c5,O-O,b6,b3,Bb7,Bb2,Nc6,Nbd2,Be7,Ne5,Nxe5,f4,f5
113,818,FIDE World Rapid 2014,Dubai UAE,2014-06-17,6.45,"Korobov, Anton","Gundavaa, Bayarsaikhan",1-0,E20,2680,2501,Indian Game,d4,Nf6,c4,e6,Nc3,Bb4,f3,c5,d5,O-O,e4,Re8,Nge2,exd5,cxd5,d6,Ng3,Nbd7,O-O,a6
114,554,FIDE World Rapid 2014,Dubai UAE,2014-06-17,6.46,"Vahidov, Tair","Savchenko, Boris",1-0,D02,2446,2581,Zukertort Opening,Nf3,d5,d4,c6,g3,Bf5,Bg2,Nf6,O-O,e6,Nh4,Bg4,Nc3,c5,Bf4,Nc6,Nb5,Rc8,dxc5,Bxc5
115,1019,FIDE World Rapid 2014,Dubai UAE,2014-06-17,6.47,"Moradiabadi, Elshan","Kayumov, Sergey",0-1,B07,2586,2505,King's Pawn Opening,e4,d6,d4,Nf6,Nc3,Nbd7,f4,e5,Nf3,exd4,Qxd4,c6,Be3,d5,e5,Ng4,Bg1,Nh6,Qd2,Bb4
116,819,FIDE World Rapid 2014,Dubai UAE,2014-06-17,6.49,"Omar, Noaman","Andriasian, Zaven",0-1,A60,2366,2611,Indian Game,d4,Nf6,c4,c5,d5,e6,Nc3,exd5,cxd5,g6,e4,d6,h3,Bg7,Nf3,O-O,Bg5,h6,Bd3,a6
117,562,FIDE World Rapid 2014,Dubai UAE,2014-06-17,6.50,"Othman, A. Moussa","Ghaem Maghami, Ehsan",0-1,A05,2275,2582,Zukertort Opening,Nf3,Nf6,g3,c5,Bg2,b5,O-O,Bb7,b3,e6,Bb2,Be7,c4,b4,d4,cxd4,Nxd4,Bxg2,Nd2,Qc7
118,89,FIDE World Rapid 2014,Dubai UAE,2014-06-17,6.51,"Breckenridge, Steven James","Mchedlishvili, Mikheil",1/2-1/2,B22,2299,2632,Sicilian Defense,e4,c5,c3,Nf6,e5,Nd5,d4,cxd4,Nf3,e6,Bc4,Nb6,Bb3,dxc3,Nxc3,d5,exd6,Bxd6,Qe2,Qe7
119,562,FIDE World Rapid 2014,Dubai UAE,2014-06-17,7.1,"Caruana, Fabiano","Karjakin, Sergey",1/2-1/2,A15,2791,2771,Zukertort Opening,Nf3,Nf6,c4,b6,g3,c5,Bg2,Bb7,O-O,g6,d4,cxd4,Qxd4,Bg7,Nc3,d6,Rd1,Nbd7,Rac1,a6
120,152,FIDE World Rapid 2014,Dubai UAE,2014-06-17,7.2,"Anand, Viswanathan","Movsesian, Sergei",1/2-1/2,B46,2785,2672,Sicilian Defense,e4,c5,Nf3,e6,d4,cxd4,Nxd4,Nc6,Nc3,a6,Be3,Nf6,Qd2,Qc7,O-O-O,Be7,f3,b5,Bf4,e5
121,1523,FIDE World Rapid 2014,Dubai UAE,2014-06-17,7.3,"Grischuk, Alexander","Morozevich, Alexander",1/2-1/2,D37,2792,2731,"English Opening, Agincourt Defense",c4,e6,Nf3,d5,d4,Nf6,Nc3,dxc4,e4,Bb4,Bxc4,Nxe4,O-O,Nxc3,bxc3,Be7,Ne5,O-O,Re1,Bf6
122,328,FIDE World Rapid 2014,Dubai UAE,2014-06-17,7.4,"Carlsen, Magnus","Fressinet, Laurent",1/2-1/2,D11,2881,2717,Slav Defense,d4,d5,c4,c6,Nf3,Nf6,Nbd2,Bf5,Nh4,Be4,Qb3,Qb6,e3,e6,Be2,h6,Nxe4,dxe4,Bd2,Nc6
123,819,FIDE World Rapid 2014,Dubai UAE,2014-06-17,7.5,"Le, Quang Liem","Nepomniachtchi, Ian",0-1,A48,2712,2730,Indian Game,d4,Nf6,Nf3,g6,Bf4,Bg7,e3,d6,h3,c5,c3,cxd4,exd4,O-O,Be2,b6,O-O,Bb7,Nbd2,Qc7
124,818,FIDE World Rapid 2014,Dubai UAE,2014-06-17,7.6,"Tomashevsky, Evgeny","Radjabov, Teimour",1/2-1/2,E56,2695,2724,Indian Game,d4,Nf6,c4,e6,Nc3,Bb4,e3,O-O,Bd3,d5,Nf3,c5,O-O,Nc6,cxd5,exd5,dxc5,Bxc5,b3,Rd8
125,152,FIDE World Rapid 2014,Dubai UAE,2014-06-17,7.7,"Nakamura, Hikaru","Van Wely, Loek",1-0,B43,2775,2654,Sicilian Defense,e4,c5,Nf3,e6,d4,cxd4,Nxd4,a6,Nc3,Qc7,Be3,Nf6,f3,Bb4,Qd2,d5,Nde2,dxe4,O-O-O,Nbd7
126,1019,FIDE World Rapid 2014,Dubai UAE,2014-06-17,7.8,"Naiditsch, Arkadij","Aronian, Levon",1/2-1/2,B06,2705,2815,King's Pawn Opening,e4,g6,d4,Bg7,Nc3,c6,Nf3,d6,Be3,Qc7,Qd2,Bg4,Be2,Nd7,h3,Bxf3,Bxf3,a6,g4,h5
127,554,FIDE World Rapid 2014,Dubai UAE,2014-06-17,7.9,"Vachier-Lagrave, Maxime","Inarkiev, Ernesto",1/2-1/2,A07,2762,2682,Zukertort Opening,Nf3,d5,g3,c6,Bg2,Bf5,O-O,Nf6,c4,e6,cxd5,exd5,d3,Be7,Qb3,Qb6,Qc2,O-O,e4,dxe4
128,679,FIDE World Rapid 2014,Dubai UAE,2014-06-17,7.10,"Potkin, Vladimir","Harikrishna, Pentala",1/2-1/2,E15,2621,2726,Queen's Indian Defense,d4,Nf6,c4,e6,Nf3,b6,g3,Ba6,b3,Bb4+,Bd2,Bxd2+,Qxd2,d5,cxd5,Nxd5,e4,Bxf1,Nc3,c5
129,1260,FIDE World Rapid 2014,Dubai UAE,2014-06-17,7.11,"Dreev, Aleksey","Bologan, Viktor",1/2-1/2,A85,2667,2661,"Queen Pawn Opening, General",d4,f5,c4,Nf6,Nc3,d6,Bg5,Nbd7,Qc2,g6,e3,Bg7,h4,c6,Nh3,Qa5,Nf4,Nf8,d5,e5
130,346,FIDE World Rapid 2014,Dubai UAE,2014-06-17,7.12,"Ragger, Markus","Nguyen, Ngoc Truong Son",0-1,D11,2632,2621,Slav Defense,d4,d5,c4,c6,Nf3,Nf6,g3,Bf5,Nc3,e6,Nh4,dxc4,Bg2,Nbd7,O-O,Bg4,Qc2,Be7,Nf3,O-O
131,361,FIDE World Rapid 2014,Dubai UAE,2014-06-17,7.13,"Volokitin, Andrei","Kryvoruchko, Yuriy",1/2-1/2,C67,2638,2707,Spanish Game,e4,e5,Nf3,Nc6,Bb5,Nf6,O-O,Nxe4,d4,Nd6,Bxc6,dxc6,dxe5,Nf5,Qxd8+,Kxd8,Rd1+,Ke8,a4,Rd8
132,1236,FIDE World Rapid 2014,Dubai UAE,2014-06-17,7.14,"Jobava, Baadur","Yudin, Sergei",1/2-1/2,D00,2713,2546,"Queen Pawn Game, General",d4,d5,Nc3,Nf6,Bf4,e6,e3,c5,Nb5,Na6,c3,Be7,a4,O-O,h3,Ne8,Nf3,Nac7,Bd3,Ne8
133,1565,FIDE World Rapid 2014,Dubai UAE,2014-06-17,7.15,"Svidler, Peter","Guseinov, Gadir",1/2-1/2,A10,2753,2613,"English Opening, General",c4,g6,g3,Bg7,Bg2,d6,d4,Nd7,Nf3,e5,Nc3,Ne7,O-O,O-O,e4,exd4,Nxd4,Nc6,Be3,f5
134,527,FIDE World Rapid 2014,Dubai UAE,2014-06-17,7.16,"Safarli, Eltaj","Malakhov, Vladimir",1/2-1/2,C26,2649,2694,Vienna Game,e4,e5,Nc3,Nf6,g3,d5,exd5,Nxd5,Bg2,Nxc3,bxc3,Bd6,Nf3,Nc6,O-O,O-O,Re1,Bg4,g4,Bg6
135,98,FIDE World Rapid 2014,Dubai UAE,2014-06-17,7.17,"Najer, Evgeniy","Cheparinov, Ivan",1-0,B51,2653,2682,Sicilian Defense,e4,c5,Nf3,d6,Bb5+,Nd7,O-O,a6,Bd3,Ngf6,Re1,e6,c3,b5,Bc2,c4,d4,cxd3,Qe2,Be7
136,98,FIDE World Rapid 2014,Dubai UAE,2014-06-17,7.18,"Polgar, Judit","Wojtaszek, Radoslaw",1/2-1/2,B51,2685,2715,Sicilian Defense,e4,c5,Nf3,d6,Bb5+,Nd7,c3,Ngf6,Qe2,a6,Ba4,b5,Bc2,e6,O-O,Bb7,a4,Be7,Re1,Qb6
137,554,FIDE World Rapid 2014,Dubai UAE,2014-06-17,7.19,"Iturrizaga Bonelli, Eduardo","Vallejo Pons, Francisco",1-0,A09,2653,2698,Zukertort Opening,Nf3,d5,c4,d4,b4,f6,d3,e5,a3,c5,bxc5,Na6,g3,Nxc5,Bg2,Ne7,O-O,Nc6,Nb3,Na6
138,819,FIDE World Rapid 2014,Dubai UAE,2014-06-17,7.20,"Sokolov, Ivan","Bacrot, Etienne",0-1,E70,2650,2720,Indian Game,d4,Nf6,c4,g6,Nc3,Bg7,e4,d6,Bg5,c5,dxc5,Qa5,Qd2,Qxc5,Nf3,Nc6,Bxf6,exf6,b4,Qc6
139,819,FIDE World Rapid 2014,Dubai UAE,2014-06-17,7.21,"Laznicka, Viktor","Georgiev, Kiril",1-0,A59,2679,2644,Indian Game,d4,Nf6,c4,c5,d5,b5,cxb5,a6,bxa6,g6,Nc3,Bxa6,e4,Bxf1,Kxf1,d6,Nf3,Bg7,Kg2,Nbd7
140,590,FIDE World Rapid 2014,Dubai UAE,2014-06-17,7.22,"Riazantsev, Alexander","Zhigalko, Sergei",1-0,D30,2692,2678,Queen's Gambit Declined,d4,d5,c4,e6,Nf3,c6,b3,Bb4+,Nbd2,Nf6,e3,Ne4,Bd3,f5,O-O,Nd7,Bb2,Qf6,Ne5,Nxe5
141,225,FIDE World Rapid 2014,Dubai UAE,2014-06-17,7.23,"Efimenko, Zahar","Ipatov, Alexander",1/2-1/2,B29,2648,2613,Sicilian Defense,e4,c5,Nf3,Nf6,Nc3,d5,exd5,Nxd5,Bb5+,Nc6,O-O,e6,d4,a6,Bxc6+,bxc6,Ne4,cxd4,Qe5,Qc7
142,1565,FIDE World Rapid 2014,Dubai UAE,2014-06-17,7.24,"Wang, Hao","Sandipan, Chanda",1/2-1/2,E71,2729,2594,"English Opening, General",c4,g6,Nc3,Bg7,d4,Nf6,e4,d6,h3,O-O,Nf3,e5,d5,a5,Be3,Na6,g4,Nc5,Rg1,Kh8
143,1047,FIDE World Rapid 2014,Dubai UAE,2014-06-17,7.25,"Vitiugov, Nikita","Fier, Alexandr",1-0,E81,2742,2580,Modern Defense,d4,g6,c4,Bg7,e4,d6,Nc3,Nf6,f3,O-O,Nge2,Nc6,Bg5,a6,Qd2,Rb8,Rc1,Re8,Nxf6+,Bxf6
144,247,FIDE World Rapid 2014,Dubai UAE,2014-06-17,7.26,"Amin, Bassem","Moiseenko, Alexander",1-0,B30,2635,2707,Sicilian Defense,e4,c5,Nf3,Nc6,d3,g6,g3,Bg7,Bg2,e5,O-O,Nge7,c3,O-O,a3,a5,a4,d5,exd5,Nxd5
145,669,FIDE World Rapid 2014,Dubai UAE,2014-06-17,7.27,"Kasimdzhanov, Rustam","Dubov, Daniil",1/2-1/2,E15,2700,2614,Queen's Indian Defense,d4,Nf6,c4,e6,Nf3,b6,g3,Bb7,Bg2,g6,Nc3,Ne4,Qd3,Nxc3,bxc3,Bg7,O-O,O-O,h4,Na5
146,1019,FIDE World Rapid 2014,Dubai UAE,2014-06-17,7.28,"Hansen, Eric","Meier, Georg",0-1,C10,2584,2632,King's Pawn Opening,e4,e6,d4,d5,Nc3,dxe4,Nxe4,Nd7,Nf3,Ngf6,Bg5,h6,Nxf6+,Nxf6,Be3,Bd6,Bd3,O-O,O-O-O,Bb7
147,424,FIDE World Rapid 2014,Dubai UAE,2014-06-17,7.29,"Onischuk, Vladimir","Durarbayli, Vasif",1-0,C70,2594,2590,Spanish Game,e4,e5,Nf3,Nc6,Bb5,a6,Ba4,Nge7,O-O,g6,Re1,Bg7,c3,O-O,d3,b5,Bb3,h6,exd5,Nxd5
148,818,FIDE World Rapid 2014,Dubai UAE,2014-06-17,7.30,"Aleksandrov, Aleksej","Yu, Yangyi",0-1,E40,2554,2675,Indian Game,d4,Nf6,c4,e6,Nc3,Bb4,e3,d5,a3,Bxc3+,bxc3,c6,Bd3,e5,dxe5,dxc4,Bxc4,Qxd1+,Ke1,Nxe5
149,819,FIDE World Rapid 2014,Dubai UAE,2014-06-17,7.31,"Sargissian, Gabriel","Al-Modiahki, Mohamad",1-0,E63,2686,2549,Indian Game,d4,Nf6,Nf3,g6,c4,Bg7,g3,O-O,Bg2,d6,Nc3,Nc6,O-O,a6,Bf4,Bg4,Rc1,Nd7,dxe5,dxe5
150,152,FIDE World Rapid 2014,Dubai UAE,2014-06-17,7.32,"Anton Guijarro, David","Milov, Vadim",1/2-1/2,B40,2631,2622,Sicilian Defense,e4,c5,Nf3,e6,d3,Nc6,g3,g6,Bg2,Bg7,O-O,d6,c3,e5,a3,Nge7,b4,b6,Nc4,b5
151,152,FIDE World Rapid 2014,Dubai UAE,2014-06-17,7.33,"Bartel, Mateusz","Maletin, Pavel",1-0,B47,2641,2588,Sicilian Defense,e4,c5,Nf3,e6,d4,cxd4,Nxd4,Nc6,Nc3,Qc7,g3,a6,Bg2,Nf6,O-O,h5,Nxc6,dxc6,Bf4,Qa5
152,547,FIDE World Rapid 2014,Dubai UAE,2014-06-17,7.34,"Matlakov, Maxim","Vakhidov, Jahongir",1/2-1/2,E62,2689,2471,Zukertort Opening,Nf3,g6,d4,Bg7,c4,d6,g3,Nf6,Bg2,O-O,O-O,Nc6,Nc3,Bg4,h3,Bxf3,Bxf3,Nd7,d5,Ne7
153,818,FIDE World Rapid 2014,Dubai UAE,2014-06-17,7.35,"Ganguly, Surya Shekhar","Debashis, Das",1/2-1/2,E06,2619,2484,Indian Game,d4,Nf6,c4,e6,g3,d5,Nf3,Be7,Bg2,O-O,O-O,dxc4,Qc2,a6,Qxc4,b5,Qc2,Bb7,a3,Nbd7
154,813,FIDE World Rapid 2014,Dubai UAE,2014-06-17,7.36,"Al-Sayed, Mohammed","Adly, Ahmed",0-1,D45,2505,2594,Indian Game,d4,Nf6,c4,e6,Nf3,d5,Nc3,c6,e3,Nbd7,Qc2,Bd6,Bd3,O-O,O-O,dxc4,Bxc4,e5,Bb3,b6
155,1019,FIDE World Rapid 2014,Dubai UAE,2014-06-17,7.37,"Antipov, Mikhail Al","Mamedyarov, Shakhriyar",1/2-1/2,B12,2502,2743,King's Pawn Opening,e4,c6,d4,d5,e5,Bf5,Nd2,e6,Nb3,Nd7,Nf3,Ne7,Be2,h6,O-O,g5,Ne1,c5,dxc5,Nc6
156,562,FIDE World Rapid 2014,Dubai UAE,2014-06-17,7.38,"Andriasian, Zaven","Korobov, Anton",1-0,A13,2611,2680,Zukertort Opening,Nf3,Nf6,c4,e6,g3,d5,Bg2,d4,O-O,c5,b4,cxb4,a3,Nc6,d3,a5,Nbd2,e5,Ba3,Bxa3
157,1019,FIDE World Rapid 2014,Dubai UAE,2014-06-17,7.39,"Ghaem Maghami, Ehsan","Eljanov, Pavel",1/2-1/2,B13,2582,2723,King's Pawn Opening,e4,c6,d4,d5,exd5,cxd5,c4,Nf6,Nc3,Nc6,Bf4,g6,c5,Bg7,Bb5,O-O,Nge2,Ne4,bxc3,Bd7
158,713,FIDE World Rapid 2014,Dubai UAE,2014-06-17,7.40,"Ringoir, Tanguy","Mamedov, Rauf",1/2-1/2,E81,2506,2659,Rat Defense,d4,d6,e4,Nf6,f3,g6,c4,Bg7,Nc3,O-O,Be3,c5,Nge2,Nc6,d5,Ne5,Ng3,h5,O-O,exd5
159,346,FIDE World Rapid 2014,Dubai UAE,2014-06-17,7.41,"Lenic, Luka","Michalik, Peter",1/2-1/2,D45,2659,2557,Slav Defense,d4,d5,c4,c6,e3,Nf6,Nc3,e6,Nf3,Nbd7,b3,Bd6,Bd3,O-O,O-O,e5,cxd5,cxd5,dxe5,Nxe5
160,731,FIDE World Rapid 2014,Dubai UAE,2014-06-17,7.42,"Salgado Lopez, Ivan","Vahidov, Tair",1/2-1/2,C42,2622,2446,Russian Game,e4,e5,Nf3,Nf6,Nxe5,d6,Nf3,Nxe4,d4,d5,Bd3,Bd6,O-O,O-O,c4,c6,Qc2,Na6,Bxe4,dxe4
161,819,FIDE World Rapid 2014,Dubai UAE,2014-06-17,7.43,"Kayumov, Sergey","Salem, A.R. Saleh",1/2-1/2,A48,2505,2581,Indian Game,d4,Nf6,Nf3,g6,Bf4,Bg7,e3,d6,h3,O-O,Be2,Nc6,O-O,Nd7,Bh2,e5,c4,f5,dxe5,dxe5
162,43,FIDE World Rapid 2014,Dubai UAE,2014-06-17,7.44,"Fedoseev, Vladimir3","Al Qudaimi, Basheer",1-0,D45,2662,2396,Semi-Slav Defense,d4,d5,c4,e6,Nc3,c6,e3,Nd7,Nf3,Ngf6,Qc2,Bd6,Bd3,dxc4,Bxc4,a6,O-O,O-O,e4,e5
163,346,FIDE World Rapid 2014,Dubai UAE,2014-06-17,7.45,"Goloshchapov, Alexander","Sriram, Jha",1-0,D10,2586,2375,Slav Defense,d4,d5,c4,c6,Nc3,Nf6,e3,a6,Nf3,b5,b3,Bg4,Be2,e6,O-O,Nbd7,h3,Bh5,Ne5,Bxe2
164,234,FIDE World Rapid 2014,Dubai UAE,2014-06-17,7.46,"Kovalev, Vladislav","Hilwani, Talal",1-0,B28,2554,2274,Sicilian Defense,e4,c5,Nf3,a6,c4,e6,Nc3,Qc7,d4,cxd4,Nxd4,Nf6,Be3,Bb4,Bd3,O-O,O-O,Bxc3,f4,Nbd7
165,527,FIDE World Rapid 2014,Dubai UAE,2014-06-17,7.47,"Lu, Shanglei","Nezad, Husein Aziz",1-0,C26,2546,2365,Vienna Game,e4,e5,Nc3,Nf6,g3,Nc6,Bg2,Bc5,Nge2,d6,h3,a6,d3,Be6,Nd5,Qd7,Bg5,Ng8,Be3,Bxe3
166,552,FIDE World Rapid 2014,Dubai UAE,2014-06-17,7.49,"Taleb, Moussa","Moradiabadi, Elshan",0-1,A04,2406,2586,Zukertort Opening,Nf3,d6,d4,f5,g3,Nf6,Bg2,g6,O-O,Bg7,c4,O-O,Nc3,e6,Bg5,h6,Bxf6,Qxf6,Rc1,g5
167,554,FIDE World Rapid 2014,Dubai UAE,2014-06-17,7.50,"Mchedlishvili, Mikheil","Omar, Noaman",1-0,A09,2632,2366,Zukertort Opening,Nf3,d5,c4,d4,g3,c5,Bg2,Nc6,O-O,Nf6,e3,e6,exd4,cxd4,d3,Be7,Na3,O-O,Re1,Bc5
168,382,FIDE World Rapid 2014,Dubai UAE,2014-06-17,7.51,"Savchenko, Boris","Breckenridge, Steven James",1-0,C78,2581,2299,Spanish Game,e4,e5,Nf3,Nc6,Bb5,a6,Ba4,Nf6,O-O,b5,Bb3,Bb7,Re1,Bc5,c3,d6,d4,Bb6,axb5,axb5
169,1019,FIDE World Rapid 2014,Dubai UAE,2014-06-17,8.1,"Movsesian, Sergei","Caruana, Fabiano",1/2-1/2,C07,2672,2791,King's Pawn Opening,e4,e6,d4,d5,Nd2,c5,Ngf3,cxd4,exd5,Qxd5,Bc4,Qd6,O-O,Nf6,Nb3,Nc6,Nbxd4,Nxd4,c3,Qc7
170,98,FIDE World Rapid 2014,Dubai UAE,2014-06-17,8.2,"Nepomniachtchi, Ian","Karjakin, Sergey",1/2-1/2,B52,2730,2771,Sicilian Defense,e4,c5,Nf3,d6,Bb5+,Bd7,Bxd7+,Qxd7,c4,Nf6,Nc3,g6,d4,cxd4,Nxd4,Bg7,O-O,O-O,Bb2,e6
171,310,FIDE World Rapid 2014,Dubai UAE,2014-06-17,8.3,"Morozevich, Alexander","Nakamura, Hikaru",0-1,B20,2731,2775,Sicilian Defense,e4,c5,b3,Nc6,Bb2,Nf6,e5,Nd5,Nf3,g6,Bc4,Nb6,Bb5,Bg7,Bxc6,bxc6,O-O,c4,d3,cxd3
172,885,FIDE World Rapid 2014,Dubai UAE,2014-06-17,8.4,"Grischuk, Alexander","Tomashevsky, Evgeny",1-0,C24,2792,2695,King Pawn Game,e4,e5,Bc4,Nf6,d3,Nc6,Nc3,Bb4,Nf3,d6,O-O,Bxc3,bxc3,Na5,Bb3,h6,Re1,O-O,Ba3,c5
173,98,FIDE World Rapid 2014,Dubai UAE,2014-06-17,8.5,"Kryvoruchko, Yuriy","Carlsen, Magnus",0-1,B51,2707,2881,Sicilian Defense,e4,c5,Nf3,d6,Bb5+,Nd7,c3,Ngf6,Qe2,a6,Ba4,e5,O-O,Be7,d4,b5,Bc2,O-O,d5,Rb8
174,339,FIDE World Rapid 2014,Dubai UAE,2014-06-17,8.6,"Nguyen, Ngoc Truong Son","Anand, Viswanathan",1/2-1/2,D10,2621,2785,Slav Defense,d4,d5,c4,c6,cxd5,cxd5,Nc3,Nf6,Bf4,Nc6,e3,Bf5,Qb3,Na5,Qa4+,Bd7,Qc2,e6,Nf3,Nh5
175,859,FIDE World Rapid 2014,Dubai UAE,2014-06-17,8.7,"Radjabov, Teimour","Fressinet, Laurent",1/2-1/2,C55,2724,2717,Italian Game,e4,e5,Nf3,Nc6,Bc4,Nf6,d3,Be7,O-O,O-O,Re1,d6,c3,Na5,Bb5,a6,Ba4,b5,Nbd2,Nc6
176,1563,FIDE World Rapid 2014,Dubai UAE,2014-06-17,8.8,"Aronian, Levon","Potkin, Vladimir",1-0,D10,2815,2621,English Opening,c4,c6,d4,d5,cxd5,cxd5,Bf4,Nf6,Nc3,Nc6,e3,a6,Bd3,Bg4,Nge2,e6,O-O,Bd6,Na4,O-O
177,819,FIDE World Rapid 2014,Dubai UAE,2014-06-17,8.9,"Laznicka, Viktor","Vachier-Lagrave, Maxime",1/2-1/2,E60,2679,2762,Indian Game,d4,Nf6,c4,g6,g3,Bg7,Nf3,O-O,Bg2,c5,O-O,cxd4,Nxd4,Nc6,Nc3,Qa5,e3,d6,f3,Bd7
178,511,FIDE World Rapid 2014,Dubai UAE,2014-06-17,8.10,"Harikrishna, Pentala","Iturrizaga Bonelli, Eduardo",1-0,A48,2726,2653,Torre Attack,d4,Nf6,Nf3,g6,Bg5,Bg7,Nbd2,c5,e3,O-O,c3,d6,Be2,Nc6,O-O,h6,Bh4,g5,h4,g4
179,152,FIDE World Rapid 2014,Dubai UAE,2014-06-17,8.11,"Inarkiev, Ernesto","Le, Quang Liem",0-1,B48,2682,2712,Sicilian Defense,e4,c5,Nf3,e6,d4,cxd4,Nxd4,Nc6,Nc3,Qc7,Be3,a6,Qd2,Nf6,O-O-O,Be7,f3,b5,g4,Nxd4
180,1563,FIDE World Rapid 2014,Dubai UAE,2014-06-17,8.12,"Van Wely, Loek","Dreev, Aleksey",1/2-1/2,A11,2654,2667,English Opening,c4,c6,Nf3,d5,e3,Nf6,Nc3,e6,b3,Bd6,Qc2,O-O,Bb2,e5,cxd5,cxd5,Nb5,Nc6,d4,e4
181,852,FIDE World Rapid 2014,Dubai UAE,2014-06-17,8.13,"Bologan, Viktor","Bacrot, Etienne",1/2-1/2,C50,2661,2720,Italian Game,e4,e5,Nf3,Nc6,Bc4,Bc5,O-O,Nf6,d3,d6,c3,O-O,h3,h6,Re1,Re8,Nbd2,a6,Nf1,Bxb3
182,819,FIDE World Rapid 2014,Dubai UAE,2014-06-17,8.14,"Riazantsev, Alexander","Jobava, Baadur",0-1,A56,2692,2713,Indian Game,d4,Nf6,c4,c5,d5,g6,Nc3,Bg7,e4,O-O,Nf3,e6,Bd3,exd5,cxd5,d6,h3,Re8,Bf4,c4
183,1019,FIDE World Rapid 2014,Dubai UAE,2014-06-17,8.15,"Yudin, Sergei","Naiditsch, Arkadij",1/2-1/2,B50,2546,2705,King's Pawn Opening,e4,c5,Nf3,d6,c3,Nf6,Bd3,Nc6,h3,e5,O-O,Be7,Bc2,O-O,d4,cxd4,cxd4,Nb4,Qxc2,Qc7
184,382,FIDE World Rapid 2014,Dubai UAE,2014-06-17,8.16,"Svidler, Peter","Najer, Evgeniy",1-0,C88,2753,2653,Spanish Game,e4,e5,Nf3,Nc6,Bb5,a6,Ba4,Nf6,O-O,Be7,Re1,b5,Bb3,O-O,h3,Bb7,d3,d6,Ba2,c5
185,838,FIDE World Rapid 2014,Dubai UAE,2014-06-17,8.17,"Malakhov, Vladimir","Sargissian, Gabriel",1/2-1/2,C53,2694,2686,Italian Game,e4,e5,Nf3,Nc6,Bc4,Bc5,c3,Nf6,d3,d6,Bb3,O-O,O-O,a6,Be3,Bxe3,fxe3,Ne7,h3,Be6
186,818,FIDE World Rapid 2014,Dubai UAE,2014-06-17,8.18,"Wojtaszek, Radoslaw","Safarli, Eltaj",1/2-1/2,E53,2715,2649,Indian Game,d4,Nf6,c4,e6,Nc3,Bb4,Nf3,d5,e3,O-O,Bd3,c5,O-O,cxd4,exd4,dxc4,Bxc4,b6,Re1,Nbd7
187,1019,FIDE World Rapid 2014,Dubai UAE,2014-06-17,8.19,"Yu, Yangyi","Vitiugov, Nikita",1-0,B19,2675,2742,King's Pawn Opening,e4,c6,d4,d5,Nc3,dxe4,Nxe4,Bf5,Ng3,Bg6,h4,h6,Nf3,Nd7,h5,Bh7,Bd3,Bxd3,Bd2,Ngf6
188,382,FIDE World Rapid 2014,Dubai UAE,2014-06-17,8.20,"Polgar, Judit","Ragger, Markus",1/2-1/2,C90,2685,2632,Spanish Game,e4,e5,Nf3,Nc6,Bb5,a6,Ba4,Nf6,O-O,Be7,Re1,b5,Bb3,O-O,d3,d6,c3,Na5,Nbd2,Nc6
189,415,FIDE World Rapid 2014,Dubai UAE,2014-06-17,8.21,"Efimenko, Zahar","Volokitin, Andrei",1/2-1/2,C69,2648,2638,Spanish Game,e4,e5,Nf3,Nc6,Bb5,a6,Bxc6,dxc6,O-O,Bg4,h3,h5,c3,Qd3,hxg4,hxg4,Nxe5,Bd6,Kh1,Bg3+
190,562,FIDE World Rapid 2014,Dubai UAE,2014-06-17,8.22,"Meier, Georg","Amin, Bassem",1-0,A05,2632,2635,Zukertort Opening,Nf3,Nf6,g3,g6,Bg2,Bg7,O-O,O-O,d4,d6,b3,Nbd7,Bb2,e5,dxe5,Ng4,Qd2,Ndxe5,Nc3,a5
191,713,FIDE World Rapid 2014,Dubai UAE,2014-06-17,8.23,"Adly, Ahmed","Onischuk, Vladimir",1/2-1/2,E62,2594,2594,Rat Defense,d4,d6,Nf3,g6,g3,Bg7,Bg2,Nf6,c4,O-O,O-O,Nc6,Nc3,e5,dxe5,dxe5,Be3,Be6,Qb5,a6
192,1565,FIDE World Rapid 2014,Dubai UAE,2014-06-17,8.24,"Ipatov, Alexander","Guseinov, Gadir",0-1,A10,2613,2613,"English Opening, General",c4,g6,Nc3,Bg7,g3,d6,Bg2,e5,e3,f5,Nge2,Nf6,b4,O-O,O-O,c6,b5,Be6,Ba3,Re8
193,1260,FIDE World Rapid 2014,Dubai UAE,2014-06-17,8.25,"Cheparinov, Ivan","Bartel, Mateusz",0-1,A88,2682,2641,"Queen Pawn Opening, General",d4,f5,c4,Nf6,Nf3,g6,g3,Bg7,Bg2,O-O,O-O,d6,Nc3,c6,Qc2,Na6,b3,Nb4,Bb2,Ne4
194,1260,FIDE World Rapid 2014,Dubai UAE,2014-06-17,8.26,"Georgiev, Kiril","Wang, Hao",0-1,A80,2644,2729,"Queen Pawn Opening, General",d4,f5,Bg5,d6,e3,g6,Nc3,Bg7,Bc4,Nf6,Nf3,c6,Bb3,d5,Ne2,Be6,Nf4,Bf7,Bf4,g5
195,1019,FIDE World Rapid 2014,Dubai UAE,2014-06-17,8.27,"Vallejo Pons, Francisco","Anton Guijarro, David",1-0,B06,2698,2631,King's Pawn Opening,e4,g6,d4,Bg7,Nc3,c6,Bc4,d6,Bb3,Nf6,Nf3,O-O,O-O,Qc7,e5,dxe5,Nxe5,Nbd7,Bf4,Qd8
196,819,FIDE World Rapid 2014,Dubai UAE,2014-06-17,9.1,"Caruana, Fabiano","Grischuk, Alexander",1/2-1/2,E60,2791,2792,Indian Game,d4,Nf6,c4,g6,Nf3,Bg7,g3,c5,Bg2,O-O,d5,b5,cxb5,a6,bxa6,d6,Nc3,Nxa6,Ne1,Qb6
197,819,FIDE World Rapid 2014,Dubai UAE,2014-06-17,9.2,"Nakamura, Hikaru","Nepomniachtchi, Ian",1/2-1/2,A45,2775,2730,Indian Game,d4,Nf6,Nc3,d5,Bf4,Bf5,f3,e6,g4,Bg6,h4,h6,e3,a6,Bd3,Bxd3,Qxd3,c5,c3,Bd6
198,813,FIDE World Rapid 2014,Dubai UAE,2014-06-17,9.3,"Carlsen, Magnus","Movsesian, Sergei",1-0,D38,2881,2672,Indian Game,d4,Nf6,c4,e6,Nf3,d5,Nc3,Bb4,Bg5,h6,Bxf6,Qxf6,Qa4+,Nc6,e3,O-O,Be2,dxc4,Bxc4,Bd6
199,361,FIDE World Rapid 2014,Dubai UAE,2014-06-17,9.4,"Karjakin, Sergey","Aronian, Levon",0-1,C67,2771,2815,Spanish Game,e4,e5,Nf3,Nc6,Bb5,Nf6,O-O,Nxe4,d4,Nd6,Bxc6,dxc6,dxe5,Nf5,Qxd8+,Kxd8,Rd1+,Ke8,h3,Bb4
200,819,FIDE World Rapid 2014,Dubai UAE,2014-06-17,9.5,"Anand, Viswanathan","Harikrishna, Pentala",1-0,A50,2785,2726,Indian Game,d4,Nf6,c4,b6,Nc3,Bb7,Qc2,d6,e4,e5,d5,Be7,Nf3,O-O,Be2,c6,O-O,Nbd7,Nd2,Nc5
201,819,FIDE World Rapid 2014,Dubai UAE,2014-06-17,9.6,"Jobava, Baadur","Radjabov, Teimour",1/2-1/2,A45,2713,2724,Indian Game,d4,Nf6,Nc3,d5,Bf4,e6,e3,Bd6,Nf3,O-O,Bd3,b6,O-O,Bb7,Re1,Nbd7,Ne5,a6,Qh3,c5
202,340,FIDE World Rapid 2014,Dubai UAE,2014-06-17,9.7,"Le, Quang Liem","Nguyen, Ngoc Truong Son",1/2-1/2,D14,2712,2621,Slav Defense,d4,d5,c4,c6,Nf3,Nf6,cxd5,cxd5,Nc3,Nc6,Bf4,Bf5,e3,e6,Bd3,Bxd3,Qxd3,Bd6,O-O,O-O
203,554,FIDE World Rapid 2014,Dubai UAE,2014-06-17,9.8,"Fressinet, Laurent","Morozevich, Alexander",1/2-1/2,A07,2717,2731,Zukertort Opening,Nf3,d5,g3,Nf6,Bg2,Nbd7,d4,b5,O-O,e6,b3,Ba6,Ne5,Nxe5,dxe5,Nd7,e4,c6,exd5,cxd5
204,152,FIDE World Rapid 2014,Dubai UAE,2014-06-17,9.9,"Bartel, Mateusz","Svidler, Peter",0-1,B43,2641,2753,Sicilian Defense,e4,c5,Nf3,e6,d4,cxd4,Nxd4,a6,Nc3,b5,Bd3,d6,O-O,Nf6,a4,b4,Na2,e5,Bd2,Qb6
205,152,FIDE World Rapid 2014,Dubai UAE,2014-06-17,9.10,"Vachier-Lagrave, Maxime","Van Wely, Loek",1/2-1/2,B40,2762,2654,Sicilian Defense,e4,c5,Nf3,e6,b3,b6,d4,cxd4,Nxd4,Bb7,Bd3,Nc6,Nxc6,Bxc6,Bb2,Nf6,Nd2,d6,O-O-O,O-O
206,346,FIDE World Rapid 2014,Dubai UAE,2014-06-17,9.11,"Dreev, Aleksey","Laznicka, Viktor",1-0,D11,2667,2679,Slav Defense,d4,d5,c4,c6,Nf3,Nf6,e3,a6,Qc2,Bg4,Nbd2,e6,Bd3,dxc4,Nxc4,Bxf3,gxf3,c5,a3,b5
207,361,FIDE World Rapid 2014,Dubai UAE,2014-06-17,9.12,"Guseinov, Gadir","Kryvoruchko, Yuriy",1/2-1/2,C67,2613,2707,Spanish Game,e4,e5,Nf3,Nc6,Bb5,Nf6,O-O,Nxe4,Re1,Nd6,Nxe5,Be7,Bf1,Nxe5,Rxe5,O-O,Nc3,Ne8,Re1,c6
208,818,FIDE World Rapid 2014,Dubai UAE,2014-06-17,9.13,"Tomashevsky, Evgeny","Meier, Georg",1-0,D35,2695,2632,Indian Game,d4,Nf6,c4,e6,Nc3,d5,cxd5,exd5,Bg5,c6,e3,Bf5,Qf3,Bg6,Bxf6,Qxf6,Qxf6,gxf6,h5,Bf5
209,1523,FIDE World Rapid 2014,Dubai UAE,2014-06-17,9.14,"Bacrot, Etienne","Yu, Yangyi",0-1,A13,2720,2675,"English Opening, Agincourt Defense",c4,e6,Nf3,d5,d4,Nf6,e3,a6,b3,c5,Bd3,Nc6,Bb2,cxd4,exd4,g6,O-O,Bg7,a3,Nd7
210,1019,FIDE World Rapid 2014,Dubai UAE,2014-06-17,9.15,"Naiditsch, Arkadij","Bologan, Viktor",1-0,B06,2705,2661,King's Pawn Opening,e4,g6,d4,Bg7,Nc3,c6,Nf3,d6,Be3,Qb6,Qc1,Nf6,h3,O-O,Bd3,Qc7,Bh6,e5,O-O,Nbd7
211,43,FIDE World Rapid 2014,Dubai UAE,2014-06-17,9.16,"Wojtaszek, Radoslaw","Yudin, Sergei",1/2-1/2,D31,2715,2546,Semi-Slav Defense,d4,d5,c4,e6,Nc3,c6,e3,Bd6,Bd3,f5,f4,Nf6,Nf3,O-O,O-O,b6,Bd2,Ba6,Rac1,Nd7
212,424,FIDE World Rapid 2014,Dubai UAE,2014-06-17,9.17,"Najer, Evgeniy","Malakhov, Vladimir",0-1,C65,2653,2694,Spanish Game,e4,e5,Nf3,Nc6,Bb5,Nf6,d3,Bc5,c3,O-O,O-O,Re8,Bg5,h6,Bh4,Bf8,Nbd2,d6,Nf1,g6
213,361,FIDE World Rapid 2014,Dubai UAE,2014-06-17,9.18,"Safarli, Eltaj","Vallejo Pons, Francisco",1/2-1/2,C67,2649,2698,Spanish Game,e4,e5,Nf3,Nc6,Bb5,Nf6,O-O,Nxe4,Qe2,Ng5,Nxg5,Qxg5,d4,Qf5,dxe5,Nd4,Qd3,Qxd3,exd6,Bxd6
214,590,FIDE World Rapid 2014,Dubai UAE,2014-06-17,9.19,"Ragger, Markus","Adly, Ahmed",0-1,E04,2632,2594,Queen's Gambit Declined,d4,d5,c4,e6,Nf3,Nf6,g3,dxc4,Bg2,c5,O-O,Nc6,Qa4,Bd7,Qxc4,b5,Qd3,Rc8,a3,b4
215,681,FIDE World Rapid 2014,Dubai UAE,2014-06-17,9.20,"Potkin, Vladimir","Polgar, Judit",1/2-1/2,E16,2621,2685,Queen's Indian Defense,d4,Nf6,c4,e6,Nf3,b6,g3,Bb4+,Bd2,a5,Bg2,Bb7,O-O,O-O,Bf4,Be7,Qc2,Be4,Nc3,Bb7
216,562,FIDE World Rapid 2014,Dubai UAE,2014-06-17,9.21,"Iturrizaga Bonelli, Eduardo","Inarkiev, Ernesto",1-0,A15,2653,2682,Zukertort Opening,Nf3,Nf6,c4,c6,Nc3,d5,e3,e6,Qc2,a6,b3,Bd6,d4,O-O,Bb2,c5,cxd5,exd5,Rd1,Bd6
217,180,FIDE World Rapid 2014,Dubai UAE,2014-06-17,9.22,"Volokitin, Andrei","Zhigalko, Sergei",0-1,B33,2638,2678,Sicilian Defense,e4,c5,Nf3,Nc6,d4,cxd4,Nxd4,Nf6,Nc3,e5,Ndb5,d6,Bg5,a6,Na3,b5,Bxf6,gxf6,c4,f5
218,562,FIDE World Rapid 2014,Dubai UAE,2014-06-17,9.23,"Matlakov, Maxim","Efimenko, Zahar",1/2-1/2,A05,2689,2648,Zukertort Opening,Nf3,Nf6,g3,b6,Bg2,Bb7,O-O,e6,d3,c5,e4,d6,Nc3,a6,Ng5,h6,Nh3,Nc6,f5,e5
219,152,FIDE World Rapid 2014,Dubai UAE,2014-06-17,9.24,"Onischuk, Vladimir","Dubov, Daniil",1-0,B40,2594,2614,Sicilian Defense,e4,c5,Nf3,e6,b3,d6,Bb2,Nf6,e5,dxe5,Nxe5,Nbd7,f4,Qc7,Na3,a6,Qf3,Rb8,Nxd7,Nxd7
220,1523,FIDE World Rapid 2014,Dubai UAE,2014-06-17,9.25,"Sargissian, Gabriel","Riazantsev, Alexander",1/2-1/2,A13,2686,2692,"English Opening, Agincourt Defense",c4,e6,g3,d5,Bg2,Nf6,Nf3,dxc4,Qa4+,Nbd7,Qxc4,c5,Qc2,Rb8,Nc3,b5,d3,Bd6,a4,a6
221,513,FIDE World Rapid 2014,Dubai UAE,2014-06-17,9.26,"Mamedyarov, Shakhriyar","Georgiev, Kiril",1-0,A45,2743,2644,Trompowsky Attack,d4,Nf6,Bg5,e6,e4,h6,Bxf6,Qxf6,Nc3,Bb4,Qd2,c5,e5,Qd8,dxc5,Nc6,Nf3,Qa5,Bd3,Bxc3
222,1019,FIDE World Rapid 2014,Dubai UAE,2014-06-17,9.27,"Salgado Lopez, Ivan","Eljanov, Pavel",1/2-1/2,B10,2622,2723,King's Pawn Opening,e4,c6,Nf3,d5,Nc3,dxe4,Nxe4,Nf6,Nxf6+,exf6,Bc4,Be7,h3,O-O,O-O,Bd6,Re1,Bf5,d4,Nd7
223,224,FIDE World Rapid 2014,Dubai UAE,2014-06-17,9.28,"Wang, Hao","Ipatov, Alexander",1/2-1/2,B29,2729,2613,Sicilian Defense,e4,c5,Nf3,Nf6,e5,Nd5,Nc3,Nxc3,dxc3,Nc6,Bf4,Qb6,b3,h6,h4,Qc7,Qd2,e6,Kb1,b5
224,513,FIDE World Rapid 2014,Dubai UAE,2014-06-17,9.29,"Vitiugov, Nikita","Sandipan, Chanda",1-0,A45,2742,2594,Trompowsky Attack,d4,Nf6,Bg5,d5,e3,e6,c4,Be7,Nf3,h6,Bh4,O-O,Bd3,b6,O-O,Bb7,Nc3,c5,Bxc4,Bxc5
225,1019,FIDE World Rapid 2014,Dubai UAE,2014-06-17,9.30,"Amin, Bassem","Mamedov, Rauf",1/2-1/2,B50,2635,2659,King's Pawn Opening,e4,c5,Nf3,d6,g3,g6,Bg2,Bg7,O-O,Nf6,c3,O-O,Re1,Nc6,h3,e5,d3,h6,b4,b6
226,229,FIDE World Rapid 2014,Dubai UAE,2014-06-17,9.31,"Hansen, Eric","Moiseenko, Alexander",0-1,B30,2584,2707,Sicilian Defense,e4,c5,Nf3,Nc6,Bb5,e6,O-O,Nge7,Re1,Nd4,Nxd4,cxd4,c3,Nc6,d3,Bc5,Qg4,O-O,Nd2,dxc3
227,424,FIDE World Rapid 2014,Dubai UAE,2014-06-17,9.32,"Kasimdzhanov, Rustam","Salem, A.R. Saleh",1/2-1/2,C63,2700,2581,Spanish Game,e4,e5,Nf3,Nc6,Bb5,f5,d3,fxe4,dxe4,Nf6,O-O,Bc5,Qd3,Nd4,Nxd4,Bxd4,c3,Bb6,a4,a6
228,346,FIDE World Rapid 2014,Dubai UAE,2014-06-17,9.33,"Aleksandrov, Aleksej","Milov, Vadim",1-0,D10,2554,2622,Slav Defense,d4,d5,c4,c6,Nc3,Nf6,e3,a6,Qc2,b5,b3,Bg4,Nge2,Bh5,Nf4,Bg6,Nxg6,hxg6,Bb2,e6
229,818,FIDE World Rapid 2014,Dubai UAE,2014-06-17,9.34,"Lenic, Luka","Antipov, Mikhail Al",1-0,E56,2659,2502,Indian Game,d4,Nf6,c4,e6,Nc3,Bb4,e3,O-O,Bd3,c5,Nf3,d5,O-O,Nc6,cxd5,exd5,dxc5,Bxc5,b3,Qe7
230,346,FIDE World Rapid 2014,Dubai UAE,2014-06-17,9.35,"Fedoseev, Vladimir3","Andriasian, Zaven",1-0,D11,2662,2611,Slav Defense,d4,d5,c4,c6,Nf3,Nf6,e3,Bg4,h3,Bxf3,Qxf3,e6,Nc3,Nbd7,Bd2,Bb4,cxd5,cxd5,O-O,Rc8
231,819,FIDE World Rapid 2014,Dubai UAE,2014-06-17,9.36,"Ringoir, Tanguy","Cheparinov, Ivan",0-1,E81,2506,2682,Indian Game,d4,Nf6,c4,g6,Nc3,Bg7,e4,d6,f3,O-O,Be3,c5,Nge2,Nc6,d5,Ne5,Ng3,h5,Nf1,e6
232,818,FIDE World Rapid 2014,Dubai UAE,2014-06-17,9.37,"Moradiabadi, Elshan","Maletin, Pavel",1/2-1/2,E20,2586,2588,Indian Game,d4,Nf6,c4,e6,Nc3,Bb4,g3,O-O,Bg2,d5,Nf3,dxc4,O-O,Nc6,Bg5,h6,Bxf6,Qxf6,Nd2,e5
233,819,FIDE World Rapid 2014,Dubai UAE,2014-06-17,9.38,"Sokolov, Ivan","Fier, Alexandr",1-0,A61,2650,2580,Indian Game,d4,Nf6,c4,c5,d5,e6,Nc3,exd5,cxd5,d6,Nf3,g6,h3,Bg7,Bf4,O-O,e3,a6,Nd2,Nbd7
234,562,FIDE World Rapid 2014,Dubai UAE,2014-06-17,9.39,"Mchedlishvili, Mikheil","Debashis, Das",1-0,A05,2632,2484,Zukertort Opening,Nf3,Nf6,g3,d5,Bg2,c6,c4,Bg4,Ne5,Be6,cxd5,Bxd5,Nf3,e5,Nc3,Bxf3,Bxf3,Nbd7,O-O,O-O
235,246,FIDE World Rapid 2014,Dubai UAE,2014-06-17,9.40,"Ganguly, Surya Shekhar","Glek, Igor",0-1,B43,2619,2438,Sicilian Defense,e4,c5,Nf3,a6,Nc3,e6,d4,cxd4,Nxd4,b5,Bd3,Qb6,Nb3,Qc7,O-O,Nf6,Qe2,d6,Bd2,Be7
236,547,FIDE World Rapid 2014,Dubai UAE,2014-06-17,9.41,"Anton Guijarro, David","Vakhidov, Jahongir",1/2-1/2,A04,2631,2471,Zukertort Opening,Nf3,g6,e4,Nf6,e5,Nh5,d4,d6,Be2,Nc6,exd6,exd6,O-O,Bg7,c3,O-O,Bg5,Nf6,Bh4,Ne7
237,584,FIDE World Rapid 2014,Dubai UAE,2014-06-17,9.42,"Al-Sayed, Mohammed","Goloshchapov, Alexander",1/2-1/2,D37,2505,2586,Queen's Gambit Declined,d4,d5,c4,e6,Nc3,Be7,Nf3,Nf6,Bf4,O-O,e3,Nbd7,Bd3,dxc4,Bxc4,a6,a4,c5,exd4,Nb6
238,731,FIDE World Rapid 2014,Dubai UAE,2014-06-17,9.43,"Al-Modiahki, Mohamad","Vahidov, Tair",1-0,C42,2549,2446,Russian Game,e4,e5,Nf3,Nf6,Nxe5,d6,Nf3,Nxe4,Nc3,Nf6,d4,Be7,Bd3,O-O,h3,Re8,O-O,Nbd7,Ne2,Ng6
239,819,FIDE World Rapid 2014,Dubai UAE,2014-06-17,9.44,"Kayumov, Sergey","Durarbayli, Vasif",0-1,A46,2505,2590,Indian Game,d4,Nf6,Nf3,e6,Bf4,b6,e3,Bb7,h3,Be7,Be2,O-O,O-O,c5,c3,Nc6,a4,Rc8,Nbd2,Bd6
240,1019,FIDE World Rapid 2014,Dubai UAE,2014-06-17,9.45,"Kovalev, Vladislav","Shyam, Sundar M",0-1,B18,2554,2468,King's Pawn Opening,e4,c6,d4,d5,Nd2,dxe4,Nxe4,Bf5,Ng3,Bg6,h4,h6,Nf3,e6,Ne5,Bh7,Bd3,Bxd3,Bd2,Nbd7
241,813,FIDE World Rapid 2014,Dubai UAE,2014-06-17,9.46,"Sriram, Jha","Ghaem Maghami, Ehsan",0-1,D37,2375,2582,Indian Game,d4,Nf6,c4,e6,Nf3,d5,Nc3,dxc4,e4,Bb4,Bg5,h6,Bxf6,Qxf6,Bxc4,c5,O-O,cxd4,Bb5,O-O
242,243,FIDE World Rapid 2014,Dubai UAE,2014-06-17,9.47,"Lu, Shanglei","Hilwani, Talal",1-0,B28,2546,2274,Sicilian Defense,e4,c5,Nf3,a6,c3,d5,exd5,Qxd5,d4,e6,Be2,Nf6,O-O,Nbd7,Be3,b6,Nfd2,Qd6,dxc5,Nxc5
243,508,FIDE World Rapid 2014,Dubai UAE,2014-06-17,9.49,"Faisal, Abdulla","Korobov, Anton",0-1,A46,2270,2680,Torre Attack,d4,Nf6,Nf3,e6,Bg5,c5,c3,Qb6,Qc1,Nc6,e3,d5,Nbd2,Bd7,Bd3,Rc8,Bxf6,gxf6,Rb1,c4
244,94,FIDE World Rapid 2014,Dubai UAE,2014-06-17,9.50,"Savchenko, Boris","Gundavaa, Bayarsaikhan",0-1,B96,2581,2501,Sicilian Defense,e4,c5,Nf3,d6,d4,cxd4,Nxd4,Nf6,Nc3,a6,Bg5,e6,f4,Qc7,Qe2,b5,O-O-O,Bb7,fxe5,Nd5
245,859,FIDE World Rapid 2014,Dubai UAE,2014-06-17,9.51,"Tissir, Mohamed","Breckenridge, Steven James",1-0,C50,2380,2299,Italian Game,e4,e5,Nf3,Nc6,Bc4,Nf6,d3,Bc5,c3,d6,Bb3,a6,Nbd2,O-O,Nf1,Ne7,Ng3,Ng6,h3,c5
246,713,FIDE World Rapid 2014,Dubai UAE,2014-06-17,10.1,"Carlsen, Magnus","Caruana, Fabiano",1-0,C41,2881,2791,Rat Defense,d4,d6,e4,Nf6,Nc3,e5,Nf3,Nbd7,Bc4,Be7,O-O,exd4,Qxd4,Nb6,Bb3,O-O,a4,a5,Qd3,Nfd7
247,565,FIDE World Rapid 2014,Dubai UAE,2014-06-17,10.2,"Aronian, Levon","Nakamura, Hikaru",1-0,D20,2815,2775,Queen's Gambit Accepted,d4,d5,c4,dxc4,e3,e5,Bxc4,exd4,exd4,Bd6,Nf3,Nf6,Qe2+,Qe7,Qxe7+,Bxe7,Nc3,O-O,Re1,Bd8
248,94,FIDE World Rapid 2014,Dubai UAE,2014-06-17,10.3,"Nepomniachtchi, Ian","Grischuk, Alexander",1/2-1/2,B90,2730,2792,Sicilian Defense,e4,c5,Nf3,d6,d4,cxd4,Nxd4,Nf6,Nc3,a6,h3,Nc6,g4,Qb6,Nb3,e6,g5,Nd7,f4,b5
249,554,FIDE World Rapid 2014,Dubai UAE,2014-06-17,10.4,"Karjakin, Sergey","Anand, Viswanathan",1/2-1/2,A13,2771,2785,Zukertort Opening,Nf3,d5,c4,e6,g3,Nf6,Bg2,d4,b4,Bxb4,Qa4+,Nc6,Ne5,Rb8,Nxc6,bxc6,Qxa7,Rb6,O-O,e5
250,424,FIDE World Rapid 2014,Dubai UAE,2014-06-17,10.5,"Svidler, Peter","Fressinet, Laurent",1-0,C65,2753,2717,Spanish Game,e4,e5,Nf3,Nc6,Bb5,Nf6,d3,Bc5,c3,O-O,O-O,d6,Nbd2,Ne7,Re1,c6,Ba4,Ng6,Ng3,h6
251,819,FIDE World Rapid 2014,Dubai UAE,2014-06-17,10.6,"Radjabov, Teimour","Naiditsch, Arkadij",1/2-1/2,E11,2724,2705,Indian Game,d4,Nf6,Nf3,e6,c4,Bb4+,Nbd2,b6,a3,Bxd2+,Bxd2,Bb7,g3,O-O,Bg2,a5,b3,d6,Qc2,Be4
252,1236,FIDE World Rapid 2014,Dubai UAE,2014-06-17,10.7,"Le, Quang Liem","Tomashevsky, Evgeny",0-1,D15,2712,2695,"Queen Pawn Game, General",d4,d5,Nf3,Nf6,c4,c6,Nc3,a6,e3,Bf5,Bd2,e6,Nh4,Be4,f3,Bg6,g3,Be7,Bxc4,b5
253,1019,FIDE World Rapid 2014,Dubai UAE,2014-06-17,10.8,"Yu, Yangyi","Dreev, Aleksey",1-0,B18,2675,2667,King's Pawn Opening,e4,c6,d4,d5,Nc3,dxe4,Nxe4,Bf5,Ng3,Bg6,h4,h6,Nf3,e6,h5,Bh7,Bd3,Bxd3,Bd2,c5
254,819,FIDE World Rapid 2014,Dubai UAE,2014-06-17,10.9,"Nguyen, Ngoc Truong Son","Movsesian, Sergei",1/2-1/2,D02,2621,2672,Indian Game,d4,Nf6,Nf3,d5,Bf4,c5,e3,Nc6,c3,cxd4,exd4,a6,Bd3,Bg4,Nbd2,e6,Qb3,Na5,Ne5,Nxe5
255,562,FIDE World Rapid 2014,Dubai UAE,2014-06-17,10.10,"Malakhov, Vladimir","Jobava, Baadur",1/2-1/2,A05,2694,2713,Zukertort Opening,Nf3,Nf6,g3,d5,Bg2,c6,O-O,Bf5,c4,e6,cxd5,cxd5,Qb3,Qc8,d3,Nc6,Nc3,Be7,Rfc1,Qd7
256,819,FIDE World Rapid 2014,Dubai UAE,2014-06-17,10.11,"Adly, Ahmed","Vachier-Lagrave, Maxime",1/2-1/2,E60,2594,2762,Indian Game,d4,Nf6,Nf3,g6,c4,Bg7,g3,O-O,Bg2,c5,O-O,cxd4,Nxd4,Nc6,Nc3,Qa5,Nb3,Qh5,Nd5,Qxd1
257,1019,FIDE World Rapid 2014,Dubai UAE,2014-06-17,10.12,"Morozevich, Alexander","Onischuk, Vladimir",1-0,B07,2731,2594,King's Pawn Opening,e4,d6,d4,Nf6,Nc3,g6,Be3,a6,f3,b5,Qd2,Bb7,O-O-O,Nbd7,g4,Nb6,g5,Nfd7,dxc5,dxc5
258,511,FIDE World Rapid 2014,Dubai UAE,2014-06-17,10.13,"Harikrishna, Pentala","Guseinov, Gadir",1/2-1/2,A48,2726,2613,Torre Attack,d4,Nf6,Nf3,g6,Bg5,Bg7,c3,d6,Nbd2,h6,Bh4,g5,Bg3,Nh5,e4,Nxg3,hxg3,c5,Nc4,b5
259,160,FIDE World Rapid 2014,Dubai UAE,2014-06-17,10.14,"Kryvoruchko, Yuriy","Iturrizaga Bonelli, Eduardo",1/2-1/2,B36,2707,2653,Sicilian Defense,e4,c5,Nf3,g6,d4,cxd4,Nxd4,Nc6,c4,Nf6,Nc3,d6,Be2,Bg7,Be3,O-O,O-O,Bd7,Bxd4,a5
260,1019,FIDE World Rapid 2014,Dubai UAE,2014-06-17,10.15,"Zhigalko, Sergei","Yudin, Sergei",1/2-1/2,C41,2678,2546,King's Pawn Opening,e4,d6,d4,Nf6,Nc3,e5,Nf3,Nbd7,Bc4,Be7,O-O,O-O,a4,a5,Re1,c6,h3,h6,Ba2,Qc7
261,813,FIDE World Rapid 2014,Dubai UAE,2014-06-17,10.16,"Van Wely, Loek","Vitiugov, Nikita",1/2-1/2,E11,2654,2742,Indian Game,d4,Nf6,c4,e6,Nf3,Bb4+,Bd2,a5,g3,d6,Bg2,Nbd7,O-O,e5,Be3,O-O,a3,exd4,Nc3,Re8
262,819,FIDE World Rapid 2014,Dubai UAE,2014-06-17,10.17,"Mamedyarov, Shakhriyar","Safarli, Eltaj",1-0,D01,2743,2649,Indian Game,d4,Nf6,Nc3,d5,Bg5,Nbd7,Nf3,c6,Qd3,b5,a3,e6,e4,dxe4,Nxe4,Be7,Nxf6+,Bxf6,Qe3,h6
263,1547,FIDE World Rapid 2014,Dubai UAE,2014-06-17,10.18,"Sargissian, Gabriel","Wojtaszek, Radoslaw",1/2-1/2,A13,2686,2715,English Opening,c4,Nf6,Nf3,e6,g3,d5,Bg2,dxc4,Qa4+,Nbd7,Qxc4,a6,Qc2,c5,Nc3,Qc7,d4,cxd4,Nb3,Bd6
264,1019,FIDE World Rapid 2014,Dubai UAE,2014-06-17,10.19,"Vallejo Pons, Francisco","Lenic, Luka",1-0,B11,2698,2659,King's Pawn Opening,e4,c6,Nc3,d5,Nf3,Bg4,d4,e6,h3,Bh5,g4,Bg6,exd5,exd5,Qe2+,Qe7,Be3,Nd7,g5,Bf5
265,764,FIDE World Rapid 2014,Dubai UAE,2014-06-17,10.20,"Moiseenko, Alexander","Fedoseev, Vladimir3",1-0,D85,2707,2662,Gruenfeld Defense,d4,Nf6,c4,g6,Nc3,d5,cxd5,Nxd5,e4,Nxc3,bxc3,Bg7,Qa4+,Nd7,Nf3,O-O,Be2,b6,e5,e6
266,361,FIDE World Rapid 2014,Dubai UAE,2014-06-17,10.21,"Polgar, Judit","Bacrot, Etienne",0-1,C67,2685,2720,Spanish Game,e4,e5,Nf3,Nc6,Bb5,Nf6,O-O,Nxe4,Re1,Nd6,Nxe5,Be7,Bf1,Nxe5,Rxe5,O-O,Nc3,Ne8,Re1,d5
267,152,FIDE World Rapid 2014,Dubai UAE,2014-06-17,10.22,"Bologan, Viktor","Potkin, Vladimir",1-0,B47,2661,2621,Sicilian Defense,e4,c5,Nf3,e6,d4,cxd4,Nxd4,Nc6,Nc3,Qc7,Be2,Nf6,O-O,Be7,Be3,O-O,f4,d6,Bxd4,e5
268,346,FIDE World Rapid 2014,Dubai UAE,2014-06-17,10.23,"Laznicka, Viktor","Matlakov, Maxim",0-1,D11,2679,2689,Slav Defense,d4,d5,c4,c6,Nf3,Nf6,g3,Bg4,Ne5,Bf5,cxd5,cxd5,Nc3,Nc6,f3,Rc8,g4,Bd7,g5,Nh5
269,94,FIDE World Rapid 2014,Dubai UAE,2014-06-17,10.24,"Efimenko, Zahar","Bartel, Mateusz",1-0,B56,2648,2641,Sicilian Defense,e4,c5,Nf3,d6,d4,cxd4,Nxd4,Nf6,Nc3,Nc6,g3,g6,Nde2,Bg7,Bg2,Bd7,h3,Qc8,Bb2,Rb8
270,554,FIDE World Rapid 2014,Dubai UAE,2014-06-17,10.25,"Meier, Georg","Riazantsev, Alexander",1/2-1/2,A07,2632,2692,Zukertort Opening,Nf3,d5,g3,c6,Bg2,Bf5,O-O,e6,c4,dxc4,Na3,Bxa3,bxa3,Nf6,Bb2,Be4,Qc1,b5,d3,cxd3
271,818,FIDE World Rapid 2014,Dubai UAE,2014-06-17,10.26,"Wang, Hao","Aleksandrov, Aleksej",1-0,D38,2729,2554,Indian Game,d4,Nf6,c4,e6,Nc3,d5,Nf3,Bb4,cxd5,exd5,Bg5,h6,Bh4,c5,e3,c4,Nd2,g5,h4,Rg8
272,713,FIDE World Rapid 2014,Dubai UAE,2014-06-17,10.27,"Cheparinov, Ivan","Mchedlishvili, Mikheil",1/2-1/2,B07,2682,2632,Rat Defense,d4,d6,Nf3,g6,e4,Bg7,c3,Nf6,Bd3,O-O,O-O,Nc6,Nbd2,e5,Re1,Nd7,Nb3,b6,Be3,Ne7
273,764,FIDE World Rapid 2014,Dubai UAE,2014-06-17,10.28,"Eljanov, Pavel","Volokitin, Andrei",1/2-1/2,D85,2723,2638,Gruenfeld Defense,d4,Nf6,c4,g6,Nc3,d5,cxd5,Nxd5,e4,Nxc3,bxc3,Bg7,Bb5+,c6,Ba4,O-O,Ne2,b5,Be3,c5
274,98,FIDE World Rapid 2014,Dubai UAE,2014-06-17,10.29,"Mamedov, Rauf","Al-Sayed, Mohammed",1-0,B52,2659,2505,Sicilian Defense,e4,c5,Nf3,d6,Bb5+,Bd7,Bxd7+,Qxd7,O-O,Nf6,Qe2,Nc6,Rd1,g5,c3,g4,Nh4,Bh6,Nf5,e6
275,346,FIDE World Rapid 2014,Dubai UAE,2014-06-17,10.30,"Dubov, Daniil","Ragger, Markus",1-0,D11,2614,2632,Slav Defense,d4,d5,c4,c6,Nf3,Nf6,e3,Bg4,h3,Bh5,Nc3,e6,g4,Bg6,Ne5,Nbd7,Nxg6,hxg6,cxd5,exd5
276,505,FIDE World Rapid 2014,Dubai UAE,2014-06-17,10.31,"Glek, Igor","Kasimdzhanov, Rustam",1-0,C46,2438,2700,Three Knights Opening,e4,e5,Nf3,Nc6,Nc3,Nf6,g3,d5,exd5,Nxd5,Bg2,Nxc3,bxc3,Be7,O-O,O-O,Re1,Bf6,h3,g6
277,247,FIDE World Rapid 2014,Dubai UAE,2014-06-17,10.32,"Inarkiev, Ernesto","Salgado Lopez, Ivan",0-1,B35,2682,2622,Sicilian Defense,e4,c5,Nf3,Nc6,Nc3,g6,d4,cxd4,Nxd4,Bg7,Be3,Nf6,Bc4,O-O,Bb3,d6,f3,Na5,Bh6,Nxb3
278,1134,FIDE World Rapid 2014,Dubai UAE,2014-06-17,10.33,"Ipatov, Alexander","Najer, Evgeniy",1/2-1/2,A01,2613,2653,Nimzo-Larsen Attack,b3,d5,Bb2,Nf6,g3,c5,Bg2,Nc6,Nf3,d4,O-O,e5,d3,Bd6,Nbd2,O-O,c3,Re8,Nc4,Bc7
279,819,FIDE World Rapid 2014,Dubai UAE,2014-06-17,10.34,"Salem, A.R. Saleh","Sokolov, Ivan",1-0,A56,2581,2650,Indian Game,d4,Nf6,c4,c5,d5,e5,Nc3,d6,e4,Nbd7,Nf3,Be7,g3,a6,a4,O-O,Bg2,Nb6,O-O,Na8
280,818,FIDE World Rapid 2014,Dubai UAE,2014-06-17,10.35,"Milov, Vadim","Amin, Bassem",1-0,E43,2622,2635,Indian Game,d4,Nf6,c4,e6,Nc3,Bb4,e3,b6,f3,c5,d5,O-O,e4,Re8,Nge2,exd5,cxd5,Bb7,Ng3,Nbd7
281,814,FIDE World Rapid 2014,Dubai UAE,2014-06-17,10.36,"Maletin, Pavel","Al-Modiahki, Mohamad",1/2-1/2,A52,2588,2549,Indian Game,d4,Nf6,c4,e5,dxe5,Ng4,Nf3,Bc5,e3,Nc6,Be2,O-O,Nc3,Re8,O-O,a5,b3,Ncxe5,Na4,Bf8
282,545,FIDE World Rapid 2014,Dubai UAE,2014-06-17,10.37,"Andriasian, Zaven","Georgiev, Kiril",1-0,A04,2611,2644,Zukertort Opening,Nf3,f5,d3,d6,c4,Nf6,Nc3,e5,g3,Be7,Bg2,O-O,O-O,Nc6,Nd5,Kh8,Bd2,a5,cxd5,Nb4
283,819,FIDE World Rapid 2014,Dubai UAE,2014-06-17,10.38,"Sandipan, Chanda","Durarbayli, Vasif",0-1,A46,2594,2590,Indian Game,d4,Nf6,Nf3,e6,Bf4,b6,e3,Bb7,Bd3,c5,Nbd2,Be7,h3,d6,O-O,Qc7,c3,Nbd7,Qe2,Qb8
284,1565,FIDE World Rapid 2014,Dubai UAE,2014-06-17,10.39,"Ghaem Maghami, Ehsan","Anton Guijarro, David",0-1,A27,2582,2631,"English Opening, General",c4,e5,Nc3,Nc6,Nf3,f5,g3,Nf6,Bg2,d6,d3,g6,O-O,Bg7,Rb1,O-O,b4,h6,a4,g5
285,41,FIDE World Rapid 2014,Dubai UAE,2014-06-17,10.40,"Moradiabadi, Elshan","Lu, Shanglei",1/2-1/2,D44,2586,2546,Semi-Slav Defense,d4,d5,c4,e6,Nc3,Nf6,Nf3,c6,Bg5,dxc4,a4,Bb4,e3,Nbd7,Bxc4,Qa5,O-O,Bxc3,Rc1,Qa5
286,819,FIDE World Rapid 2014,Dubai UAE,2014-06-17,10.41,"Michalik, Peter","Hansen, Eric",0-1,E60,2557,2584,Indian Game,d4,Nf6,c4,g6,g3,c6,Bg2,d5,e3,Bg7,Ne2,O-O,O-O,dxc4,Nd2,b5,a4,Nd5,Nc3,Bb7
287,560,FIDE World Rapid 2014,Dubai UAE,2014-06-17,10.42,"Vakhidov, Jahongir","Antipov, Mikhail Al",0-1,A04,2471,2502,Zukertort Opening,Nf3,c5,e3,b6,d4,Bb7,Bd3,Nf6,Nbd2,e6,O-O,Be7,b3,O-O,Bb2,d6,Qe2,Nbd7,Bxb7,Qxb7
288,819,FIDE World Rapid 2014,Dubai UAE,2014-06-17,10.43,"Shyam, Sundar M","Gundavaa, Bayarsaikhan",1/2-1/2,D30,2468,2501,Indian Game,d4,Nf6,Nf3,e6,c4,d5,Bg5,h6,Bxf6,Qxf6,Nbd2,Nd7,e3,c5,cxd5,exd5,Bb5,cxd4,Qa4,a6
289,819,FIDE World Rapid 2014,Dubai UAE,2014-06-17,10.44,"Korobov, Anton","Tissir, Mohamed",1-0,E94,2680,2380,Indian Game,d4,Nf6,c4,g6,Nc3,Bg7,e4,d6,Nf3,O-O,Be2,e5,O-O,Nbd7,Be3,c6,h3,Re8,Bxd4,Nh5
290,1236,FIDE World Rapid 2014,Dubai UAE,2014-06-17,10.45,"Fier, Alexandr","Ganguly, Surya Shekhar",0-1,D00,2580,2619,"Queen Pawn Game, General",d4,d5,Bg5,h6,Bh4,c6,e3,Qb6,Qc1,e5,Nf3,e4,Nfd2,Ne7,Bxe7,Bxe7,c4,Be6,Qc2,Nd7
291,326,FIDE World Rapid 2014,Dubai UAE,2014-06-17,10.46,"Debashis, Das","Ringoir, Tanguy",1/2-1/2,D17,2484,2506,Slav Defense,d4,d5,c4,c6,Nf3,Nf6,Nc3,dxc4,a4,Bf5,Ne5,Nbd7,Nxc4,Nb6,Ne3,Bg6,a5,Nbd7,Bg2,Rc8
292,813,FIDE World Rapid 2014,Dubai UAE,2014-06-17,10.47,"Goloshchapov, Alexander","Taleb, Moussa",1-0,E11,2586,2406,Indian Game,d4,Nf6,c4,e6,Nf3,Bb4+,Nbd2,O-O,a3,Bxd2+,Qxd2,d6,e3,b6,Be2,Bb7,O-O,Nbd7,Qc2,f5
293,731,FIDE World Rapid 2014,Dubai UAE,2014-06-17,10.49,"Al Qudaimi, Basheer","Vahidov, Tair",1/2-1/2,C42,2396,2446,Russian Game,e4,e5,Nf3,Nf6,Nxe5,d6,Nf3,Nxe4,Nc3,Nf6,d4,Be7,d5,O-O,h3,Re8,Be2,Nbd7,Re1,Bf8
294,1019,FIDE World Rapid 2014,Dubai UAE,2014-06-17,10.50,"Faisal, Abdulla","Kayumov, Sergey",0-1,B00,2270,2505,King's Pawn Opening,e4,d6,d4,Nf6,f3,c5,d5,e6,c4,exd5,cxd5,Be7,Ne2,O-O,Nec3,Nh5,Bd3,Bg5,Qxc1,f5
295,1548,FIDE World Rapid 2014,Dubai UAE,2014-06-17,10.51,"Hilwani, Talal","Savchenko, Boris",0-1,A34,2274,2581,English Opening,c4,Nf6,g3,c5,Bg2,d5,cxd5,Nxd5,Nc3,Nc7,Nf3,Nc6,b3,e5,Bb2,Be7,O-O,Bf5,Re1,O-O
